id,name,protein,dietary_fiber,sugar,category_id
1,＜畜肉類＞　いのしし　肉　脂身つき　生,18.8,0,0.5,1
2,＜畜肉類＞　いのぶた　肉　脂身つき　生,18.1,0,0.3,1
3,＜畜肉類＞　うさぎ　肉　赤肉　生,20.5,0,0,1
4,＜畜肉類＞　うし　［和牛肉］　かた　脂身つき　生,17.7,0,0.3,1
5,＜畜肉類＞　うし　［和牛肉］　かた　皮下脂肪なし　生,18.3,0,0.3,1
6,＜畜肉類＞　うし　［和牛肉］　かた　赤肉　生,20.2,0,0.3,1
7,＜畜肉類＞　うし　［和牛肉］　かた　脂身　生,4.0,0,0,1
8,＜畜肉類＞　うし　［和牛肉］　かたロース　脂身つき　生,13.8,0,0.2,1
9,＜畜肉類＞　うし　［和牛肉］　かたロース　皮下脂肪なし　生,14.0,0,0.2,1
10,＜畜肉類＞　うし　［和牛肉］　かたロース　赤肉　生,16.5,0,0.2,1
11,＜畜肉類＞　うし　［和牛肉］　リブロース　脂身つき　生,9.7,0,0.1,1
12,＜畜肉類＞　うし　［和牛肉］　リブロース　脂身つき　ゆで,12.6,0,0.1,1
13,＜畜肉類＞　うし　［和牛肉］　リブロース　脂身つき　焼き,14.6,0,0.2,1
14,＜畜肉類＞　うし　［和牛肉］　リブロース　皮下脂肪なし　生,10.3,0,0.1,1
15,＜畜肉類＞　うし　［和牛肉］　リブロース　赤肉　生,14.0,0,0.2,1
16,＜畜肉類＞　うし　［和牛肉］　リブロース　脂身　生,4.2,0,0,1
17,＜畜肉類＞　うし　［和牛肉］　サーロイン　脂身つき　生,11.7,0,0.3,1
18,＜畜肉類＞　うし　［和牛肉］　サーロイン　皮下脂肪なし　生,12.9,0,0.3,1
19,＜畜肉類＞　うし　［和牛肉］　サーロイン　赤肉　生,17.1,0,0.4,1
20,＜畜肉類＞　うし　［和牛肉］　ばら　脂身つき　生,11.0,0,0.1,1
21,＜畜肉類＞　うし　［和牛肉］　もも　脂身つき　生,19.2,0,0.5,1
22,＜畜肉類＞　うし　［和牛肉］　もも　皮下脂肪なし　生,20.2,0,0.6,1
23,＜畜肉類＞　うし　［和牛肉］　もも　皮下脂肪なし　ゆで,25.7,0,0.2,1
24,＜畜肉類＞　うし　［和牛肉］　もも　皮下脂肪なし　焼き,27.7,0,0.5,1
25,＜畜肉類＞　うし　［和牛肉］　もも　赤肉　生,21.3,0,0.6,1
26,＜畜肉類＞　うし　［和牛肉］　もも　脂身　生,4.4,0,0,1
27,＜畜肉類＞　うし　［和牛肉］　そともも　脂身つき　生,17.8,0,0.5,1
28,＜畜肉類＞　うし　［和牛肉］　そともも　皮下脂肪なし　生,18.7,0,0.5,1
29,＜畜肉類＞　うし　［和牛肉］　そともも　赤肉　生,20.7,0,0.6,1
30,＜畜肉類＞　うし　［和牛肉］　ランプ　脂身つき　生,15.1,0,0.4,1
31,＜畜肉類＞　うし　［和牛肉］　ランプ　皮下脂肪なし　生,16.0,0,0.4,1
32,＜畜肉類＞　うし　［和牛肉］　ランプ　赤肉　生,19.2,0,0.5,1
33,＜畜肉類＞　うし　［和牛肉］　ヒレ　赤肉　生,19.1,0,0.3,1
34,＜畜肉類＞　うし　［乳用肥育牛肉］　かた　脂身つき　生,17.1,0,0.3,1
35,＜畜肉類＞　うし　［乳用肥育牛肉］　かた　脂身つき　ゆで,20.8,0,0.1,1
36,＜畜肉類＞　うし　［乳用肥育牛肉］　かた　脂身つき　焼き,23.0,0,0.2,1
37,＜畜肉類＞　うし　［乳用肥育牛肉］　かた　皮下脂肪なし　生,17.9,0,0.4,1
38,＜畜肉類＞　うし　［乳用肥育牛肉］　かた　赤肉　生,20.4,0,0.2,1
39,＜畜肉類＞　うし　［乳用肥育牛肉］　かた　赤肉　ゆで,27.9,0,1,1
40,＜畜肉類＞　うし　［乳用肥育牛肉］　かた　赤肉　焼き,26.9,0,0.8,1
41,＜畜肉類＞　うし　［乳用肥育牛肉］　かた　脂身　生,4.5,0,0,1
42,＜畜肉類＞　うし　［乳用肥育牛肉］　かたロース　脂身つき　生,16.2,0,0.2,1
43,＜畜肉類＞　うし　［乳用肥育牛肉］　かたロース　皮下脂肪なし　生,16.5,0,0.2,1
44,＜畜肉類＞　うし　［乳用肥育牛肉］　かたロース　赤肉　生,19.1,0,0.2,1
45,＜畜肉類＞　うし　［乳用肥育牛肉］　リブロース　脂身つき　生,14.1,0,0.2,1
46,＜畜肉類＞　うし　［乳用肥育牛肉］　リブロース　脂身つき　ゆで,17.2,0,0.3,1
47,＜畜肉類＞　うし　［乳用肥育牛肉］　リブロース　脂身つき　焼き,20.4,0,0.3,1
48,＜畜肉類＞　うし　［乳用肥育牛肉］　リブロース　皮下脂肪なし　生,15.0,0,0.2,1
49,＜畜肉類＞　うし　［乳用肥育牛肉］　リブロース　赤肉　生,18.8,0,0.3,1
50,＜畜肉類＞　うし　［乳用肥育牛肉］　リブロース　脂身　生,3.7,0,0,1
51,＜畜肉類＞　うし　［乳用肥育牛肉］　サーロイン　脂身つき　生,16.5,0,0.4,1
52,＜畜肉類＞　うし　［乳用肥育牛肉］　サーロイン　皮下脂肪なし　生,18.4,0,0.5,1
53,＜畜肉類＞　うし　［乳用肥育牛肉］　サーロイン　赤肉　生,21.1,0,0.6,1
54,＜畜肉類＞　うし　［乳用肥育牛肉］　ばら　脂身つき　生,12.8,0,0.3,1
55,＜畜肉類＞　うし　［乳用肥育牛肉］　ばら　脂身つき　焼き,15.9,0,0.3,1
56,＜畜肉類＞　うし　［乳用肥育牛肉］　もも　脂身つき　生,19.5,0,0.4,1
57,＜畜肉類＞　うし　［乳用肥育牛肉］　もも　皮下脂肪なし　生,20.5,0,0.4,1
58,＜畜肉類＞　うし　［乳用肥育牛肉］　もも　皮下脂肪なし　ゆで,28.4,0,0.6,1
59,＜畜肉類＞　うし　［乳用肥育牛肉］　もも　皮下脂肪なし　焼き,28.0,0,0.6,1
60,＜畜肉類＞　うし　［乳用肥育牛肉］　もも　赤肉　生,21.9,0,0.4,1
61,＜畜肉類＞　うし　［乳用肥育牛肉］　もも　脂身　生,5.1,0,0.2,1
62,＜畜肉類＞　うし　［乳用肥育牛肉］　そともも　脂身つき　生,18.2,0,0.6,1
63,＜畜肉類＞　うし　［乳用肥育牛肉］　そともも　皮下脂肪なし　生,19.6,0,0.6,1
64,＜畜肉類＞　うし　［乳用肥育牛肉］　そともも　赤肉　生,21.3,0,0.7,1
65,＜畜肉類＞　うし　［乳用肥育牛肉］　ランプ　脂身つき　生,18.6,0,0.6,1
66,＜畜肉類＞　うし　［乳用肥育牛肉］　ランプ　皮下脂肪なし　生,19.7,0,0.6,1
67,＜畜肉類＞　うし　［乳用肥育牛肉］　ランプ　赤肉　生,22.0,0,0.7,1
68,＜畜肉類＞　うし　［乳用肥育牛肉］　ヒレ　赤肉　生,20.8,0,0.5,1
69,＜畜肉類＞　うし　［乳用肥育牛肉］　ヒレ　赤肉　焼き,27.2,0,0.4,1
70,＜畜肉類＞　うし　［交雑牛肉］　リブロース　脂身つき　生,12.0,0,0.3,1
71,＜畜肉類＞　うし　［交雑牛肉］　リブロース　脂身つき　ゆで,13.2,0,0.1,1
72,＜畜肉類＞　うし　［交雑牛肉］　リブロース　脂身つき　焼き,14.5,0,0.2,1
73,＜畜肉類＞　うし　［交雑牛肉］　リブロース　皮下脂肪なし　生,13.6,0,0.3,1
74,＜畜肉類＞　うし　［交雑牛肉］　リブロース　赤肉　生,16.7,0,0.4,1
75,＜畜肉類＞　うし　［交雑牛肉］　リブロース　脂身　生,3.6,0,0,1
76,＜畜肉類＞　うし　［交雑牛肉］　ばら　脂身つき　生,12.2,0,0.3,1
77,＜畜肉類＞　うし　［交雑牛肉］　もも　脂身つき　生,16.4,0,0.4,1
78,＜畜肉類＞　うし　［交雑牛肉］　もも　皮下脂肪なし　生,18.3,0,0.4,1
79,＜畜肉類＞　うし　［交雑牛肉］　もも　皮下脂肪なし　ゆで,25.7,0,0.2,1
80,＜畜肉類＞　うし　［交雑牛肉］　もも　皮下脂肪なし　焼き,25.0,0,0.5,1
81,＜畜肉類＞　うし　［交雑牛肉］　もも　赤肉　生,19.3,0,0.5,1
82,＜畜肉類＞　うし　［交雑牛肉］　もも　脂身　生,4.8,0,0.1,1
83,＜畜肉類＞　うし　［交雑牛肉］　ヒレ　赤肉　生,19.0,0,0.4,1
84,＜畜肉類＞　うし　［輸入牛肉］　かた　脂身つき　生,19.0,0,0.1,1
85,＜畜肉類＞　うし　［輸入牛肉］　かた　皮下脂肪なし　生,19.6,0,0.1,1
86,＜畜肉類＞　うし　［輸入牛肉］　かた　赤肉　生,20.4,0,0.1,1
87,＜畜肉類＞　うし　［輸入牛肉］　かた　脂身　生,7.1,0,0,1
88,＜畜肉類＞　うし　［輸入牛肉］　かたロース　脂身つき　生,17.9,0,0.1,1
89,＜畜肉類＞　うし　［輸入牛肉］　かたロース　皮下脂肪なし　生,18.0,0,0.1,1
90,＜畜肉類＞　うし　［輸入牛肉］　かたロース　赤肉　生,19.7,0,0.1,1
91,＜畜肉類＞　うし　［輸入牛肉］　リブロース　脂身つき　生,20.1,0,0.4,1
92,＜畜肉類＞　うし　［輸入牛肉］　リブロース　脂身つき　ゆで,25.8,0,0.1,1
93,＜畜肉類＞　うし　［輸入牛肉］　リブロース　脂身つき　焼き,25.0,0,0.3,1
94,＜畜肉類＞　うし　［輸入牛肉］　リブロース　皮下脂肪なし　生,20.3,0,0.4,1
95,＜畜肉類＞　うし　［輸入牛肉］　リブロース　赤肉　生,21.7,0,0.4,1
96,＜畜肉類＞　うし　［輸入牛肉］　リブロース　脂身　生,5.7,0,0.1,1
97,＜畜肉類＞　うし　［輸入牛肉］　サーロイン　脂身つき　生,17.4,0,0.4,1
98,＜畜肉類＞　うし　［輸入牛肉］　サーロイン　皮下脂肪なし　生,19.1,0,0.4,1
99,＜畜肉類＞　うし　［輸入牛肉］　サーロイン　赤肉　生,22.0,0,0.5,1
100,＜畜肉類＞　うし　［輸入牛肉］　ばら　脂身つき　生,14.4,0,0.2,1
101,＜畜肉類＞　うし　［輸入牛肉］　もも　脂身つき　生,19.6,0,0.4,1
102,＜畜肉類＞　うし　［輸入牛肉］　もも　皮下脂肪なし　生,20.0,0,0.4,1
103,＜畜肉類＞　うし　［輸入牛肉］　もも　皮下脂肪なし　ゆで,30.0,0,0.2,1
104,＜畜肉類＞　うし　［輸入牛肉］　もも　皮下脂肪なし　焼き,28.0,0,0.4,1
105,＜畜肉類＞　うし　［輸入牛肉］　もも　赤肉　生,21.2,0,0.4,1
106,＜畜肉類＞　うし　［輸入牛肉］　もも　脂身　生,6.3,0,0.2,1
107,＜畜肉類＞　うし　［輸入牛肉］　そともも　脂身つき　生,18.7,0,0.3,1
108,＜畜肉類＞　うし　［輸入牛肉］　そともも　皮下脂肪なし　生,19.3,0,0.3,1
109,＜畜肉類＞　うし　［輸入牛肉］　そともも　赤肉　生,21.2,0,0.3,1
110,＜畜肉類＞　うし　［輸入牛肉］　ランプ　脂身つき　生,18.4,0,0.4,1
111,＜畜肉類＞　うし　［輸入牛肉］　ランプ　皮下脂肪なし　生,19.7,0,0.5,1
112,＜畜肉類＞　うし　［輸入牛肉］　ランプ　赤肉　生,21.6,0,0.5,1
113,＜畜肉類＞　うし　［輸入牛肉］　ヒレ　赤肉　生,20.5,0,0.3,1
114,＜畜肉類＞　うし　［子牛肉］　リブロース　皮下脂肪なし　生,21.7,0,0.3,1
115,＜畜肉類＞　うし　［子牛肉］　ばら　皮下脂肪なし　生,20.9,0,0,1
116,＜畜肉類＞　うし　［子牛肉］　もも　皮下脂肪なし　生,21.2,0,0.2,1
117,＜畜肉類＞　うし　［ひき肉］　生,17.1,0,0.3,1
118,＜畜肉類＞　うし　［ひき肉］　焼き,25.9,0,0.4,1
119,＜畜肉類＞　うし　［副生物］　舌　生,13.3,0,0.2,1
120,＜畜肉類＞　うし　［副生物］　舌　焼き,20.2,0,0.2,1
121,＜畜肉類＞　うし　［副生物］　心臓　生,16.5,0,0.1,1
122,＜畜肉類＞　うし　［副生物］　肝臓　生,19.6,0,3.7,1
123,＜畜肉類＞　うし　［副生物］　じん臓　生,16.7,0,0.2,1
124,＜畜肉類＞　うし　［副生物］　第一胃　ゆで,24.5,0,0,1
125,＜畜肉類＞　うし　［副生物］　第二胃　ゆで,12.4,0,0,1
126,＜畜肉類＞　うし　［副生物］　第三胃　生,11.7,0,0,1
127,＜畜肉類＞　うし　［副生物］　第四胃　ゆで,11.1,0,0,1
128,＜畜肉類＞　うし　［副生物］　小腸　生,9.9,0,0,1
129,＜畜肉類＞　うし　［副生物］　大腸　生,9.3,0,0,1
130,＜畜肉類＞　うし　［副生物］　直腸　生,11.6,0,0,1
131,＜畜肉類＞　うし　［副生物］　腱　ゆで,28.3,0,0,1
132,＜畜肉類＞　うし　［副生物］　子宮　ゆで,18.4,0,0,1
133,＜畜肉類＞　うし　［副生物］　尾　生,11.6,0,0,1
134,＜畜肉類＞　うし　［副生物］　横隔膜　生,14.8,0,0.3,1
135,＜畜肉類＞　うし　［副生物］　横隔膜　ゆで,21.3,0,0.2,1
136,＜畜肉類＞　うし　［副生物］　横隔膜　焼き,21.1,0,0.3,1
137,＜畜肉類＞　うし　［加工品］　ローストビーフ,21.7,0,0.9,1
138,＜畜肉類＞　うし　［加工品］　コンビーフ缶詰,19.8,0,1.7,1
139,＜畜肉類＞　うし　［加工品］　味付け缶詰,19.2,0,9.9,1
140,＜畜肉類＞　うし　［加工品］　ビーフジャーキー,54.8,0,6.4,1
141,＜畜肉類＞　うし　［加工品］　スモークタン,18.1,0,0.9,1
142,＜畜肉類＞　うま　肉　赤肉　生,20.1,0,0.3,1
143,＜畜肉類＞　くじら　肉　赤肉　生,24.1,0,0.2,1
144,＜畜肉類＞　くじら　うねす　生,18.8,0,0.2,1
145,＜畜肉類＞　くじら　本皮　生,9.7,0,0.2,1
146,＜畜肉類＞　くじら　さらしくじら,5.3,0,0,1
147,＜畜肉類＞　しか　あかしか　赤肉　生,22.3,0,0.5,1
148,＜畜肉類＞　しか　にほんじか　赤肉　生,23.9,0,0.3,1
149,＜畜肉類＞　しか　にほんじか　えぞしか　赤肉　生,22.6,0,0.6,1
150,＜畜肉類＞　しか　にほんじか　ほんしゅうじか・きゅうしゅうじか　赤肉　生,22.6,0,0.1,1
151,＜畜肉類＞　ぶた　［大型種肉］　かた　脂身つき　生,18.5,0,0.2,1
152,＜畜肉類＞　ぶた　［大型種肉］　かた　皮下脂肪なし　生,19.7,0,0.2,1
153,＜畜肉類＞　ぶた　［大型種肉］　かた　赤肉　生,20.9,0,0.2,1
154,＜畜肉類＞　ぶた　［大型種肉］　かた　脂身　生,5.3,0,0,1
155,＜畜肉類＞　ぶた　［大型種肉］　かたロース　脂身つき　生,17.1,0,0.1,1
156,＜畜肉類＞　ぶた　［大型種肉］　かたロース　皮下脂肪なし　生,17.8,0,0.1,1
157,＜畜肉類＞　ぶた　［大型種肉］　かたロース　赤肉　生,19.7,0,0.1,1
158,＜畜肉類＞　ぶた　［大型種肉］　かたロース　脂身　生,5.4,0,0,1
159,＜畜肉類＞　ぶた　［大型種肉］　ロース　脂身つき　生,19.3,0,0.2,1
160,＜畜肉類＞　ぶた　［大型種肉］　ロース　脂身つき　ゆで,23.9,0,0.3,1
161,＜畜肉類＞　ぶた　［大型種肉］　ロース　脂身つき　焼き,26.7,0,0.3,1
162,＜畜肉類＞　ぶた　［大型種肉］　ロース　脂身つき　とんかつ,22.0,0.7,9.1,1
163,＜畜肉類＞　ぶた　［大型種肉］　ロース　皮下脂肪なし　生,21.1,0,0.3,1
164,＜畜肉類＞　ぶた　［大型種肉］　ロース　赤肉　生,22.7,0,0.3,1
165,＜畜肉類＞　ぶた　［大型種肉］　ロース　脂身　生,5.1,0,0,1
166,＜畜肉類＞　ぶた　［大型種肉］　ばら　脂身つき　生,14.4,0,0.1,1
167,＜畜肉類＞　ぶた　［大型種肉］　ばら　脂身つき　焼き,19.6,0,0.1,1
168,＜畜肉類＞　ぶた　［大型種肉］　もも　脂身つき　生,20.5,0,0.2,1
169,＜畜肉類＞　ぶた　［大型種肉］　もも　皮下脂肪なし　生,21.5,0,0.2,1
170,＜畜肉類＞　ぶた　［大型種肉］　もも　皮下脂肪なし　ゆで,28.9,0,0.3,1
171,＜畜肉類＞　ぶた　［大型種肉］　もも　皮下脂肪なし　焼き,30.2,0,0.3,1
172,＜畜肉類＞　ぶた　［大型種肉］　もも　赤肉　生,22.1,0,0.2,1
173,＜畜肉類＞　ぶた　［大型種肉］　もも　脂身　生,6.5,0,0,1
174,＜畜肉類＞　ぶた　［大型種肉］　そともも　脂身つき　生,18.8,0,0.2,1
175,＜畜肉類＞　ぶた　［大型種肉］　そともも　皮下脂肪なし　生,20.2,0,0.2,1
176,＜畜肉類＞　ぶた　［大型種肉］　そともも　赤肉　生,21.4,0,0.2,1
177,＜畜肉類＞　ぶた　［大型種肉］　そともも　脂身　生,6.6,0,0,1
178,＜畜肉類＞　ぶた　［大型種肉］　ヒレ　赤肉　生,22.2,0,0.3,1
179,＜畜肉類＞　ぶた　［大型種肉］　ヒレ　赤肉　焼き,39.3,0,0.4,1
180,＜畜肉類＞　ぶた　［大型種肉］　ヒレ　赤肉　とんかつ,25.1,0.9,14,1
181,＜畜肉類＞　ぶた　［中型種肉］　かた　脂身つき　生,18.3,0,0,1
182,＜畜肉類＞　ぶた　［中型種肉］　かた　皮下脂肪なし　生,19.7,0,0,1
183,＜畜肉類＞　ぶた　［中型種肉］　かた　赤肉　生,21.4,0,0,1
184,＜畜肉類＞　ぶた　［中型種肉］　かた　脂身　生,4.9,0,0,1
185,＜畜肉類＞　ぶた　［中型種肉］　かたロース　脂身つき　生,17.7,0,0,1
186,＜畜肉類＞　ぶた　［中型種肉］　かたロース　皮下脂肪なし　生,18.5,0,0,1
187,＜畜肉類＞　ぶた　［中型種肉］　かたロース　赤肉　生,20.6,0,0,1
188,＜畜肉類＞　ぶた　［中型種肉］　かたロース　脂身　生,5.4,0,0,1
189,＜畜肉類＞　ぶた　［中型種肉］　ロース　脂身つき　生,18.3,0,0.2,1
190,＜畜肉類＞　ぶた　［中型種肉］　ロース　皮下脂肪なし　生,20.6,0,0.2,1
191,＜畜肉類＞　ぶた　［中型種肉］　ロース　赤肉　生,22.9,0,0.2,1
192,＜畜肉類＞　ぶた　［中型種肉］　ロース　脂身　生,4.1,0,0,1
193,＜畜肉類＞　ぶた　［中型種肉］　ばら　脂身つき　生,13.4,0,0,1
194,＜畜肉類＞　ぶた　［中型種肉］　もも　脂身つき　生,19.5,0,0.2,1
195,＜畜肉類＞　ぶた　［中型種肉］　もも　皮下脂肪なし　生,21.3,0,0.2,1
196,＜畜肉類＞　ぶた　［中型種肉］　もも　赤肉　生,21.9,0,0.2,1
197,＜畜肉類＞　ぶた　［中型種肉］　もも　脂身　生,5.2,0,0,1
198,＜畜肉類＞　ぶた　［中型種肉］　そともも　脂身つき　生,18.0,0,0.2,1
199,＜畜肉類＞　ぶた　［中型種肉］　そともも　皮下脂肪なし　生,21.0,0,0.2,1
200,＜畜肉類＞　ぶた　［中型種肉］　そともも　赤肉　生,21.9,0,0.2,1
201,＜畜肉類＞　ぶた　［中型種肉］　そともも　脂身　生,4.9,0,0,1
202,＜畜肉類＞　ぶた　［中型種肉］　ヒレ　赤肉　生,22.7,0,0.1,1
203,＜畜肉類＞　ぶた　［ひき肉］　生,17.7,0,0.1,1
204,＜畜肉類＞　ぶた　［ひき肉］　焼き,25.7,0,0.1,1
205,＜畜肉類＞　ぶた　［副生物］　舌　生,15.9,0,0.1,1
206,＜畜肉類＞　ぶた　［副生物］　心臓　生,16.2,0,0.1,1
207,＜畜肉類＞　ぶた　［副生物］　肝臓　生,20.4,0,2.5,1
208,＜畜肉類＞　ぶた　［副生物］　じん臓　生,14.1,0,0,1
209,＜畜肉類＞　ぶた　［副生物］　胃　ゆで,17.4,0,0,1
210,＜畜肉類＞　ぶた　［副生物］　小腸　ゆで,14.0,0,0,1
211,＜畜肉類＞　ぶた　［副生物］　大腸　ゆで,11.7,0,0,1
212,＜畜肉類＞　ぶた　［副生物］　子宮　生,14.6,0,0,1
213,＜畜肉類＞　ぶた　［副生物］　豚足　ゆで,20.1,0,0,1
214,＜畜肉類＞　ぶた　［副生物］　軟骨　ゆで,17.8,0,0,1
215,＜畜肉類＞　ぶた　［ハム類］　骨付きハム,16.7,0,0.8,1
216,＜畜肉類＞　ぶた　［ハム類］　ボンレスハム,18.7,0,1.8,1
217,＜畜肉類＞　ぶた　［ハム類］　ロースハム　ロースハム,18.6,0,2,1
218,＜畜肉類＞　ぶた　［ハム類］　ロースハム　ゆで,19.7,0,1.6,1
219,＜畜肉類＞　ぶた　［ハム類］　ロースハム　焼き,23.6,0,2.4,1
220,＜畜肉類＞　ぶた　［ハム類］　ロースハム　フライ,17.3,0,20,1
221,＜畜肉類＞　ぶた　［ハム類］　ショルダーハム,16.1,0,0.6,1
222,＜畜肉類＞　ぶた　［ハム類］　生ハム　促成,24.0,0,0.5,1
223,＜畜肉類＞　ぶた　［ハム類］　生ハム　長期熟成,25.7,0,0,1
224,＜畜肉類＞　ぶた　［プレスハム類］　プレスハム,15.4,0,3.9,1
225,＜畜肉類＞　ぶた　［プレスハム類］　チョップドハム,11.7,0,12.7,1
226,＜畜肉類＞　ぶた　［ベーコン類］　ばらベーコン,12.9,0,0.3,1
227,＜畜肉類＞　ぶた　［ベーコン類］　ロースベーコン,16.8,0,3.2,1
228,＜畜肉類＞　ぶた　［ベーコン類］　ショルダーベーコン,17.2,0,2.5,1
229,＜畜肉類＞　ぶた　［ソーセージ類］　ウインナーソーセージ　ウインナーソーセージ,11.5,0,3.3,1
230,＜畜肉類＞　ぶた　［ソーセージ類］　ウインナーソーセージ　ゆで,12.1,0,1.4,1
231,＜畜肉類＞　ぶた　［ソーセージ類］　ウインナーソーセージ　焼き,13.0,0,2.4,1
232,＜畜肉類＞　ぶた　［ソーセージ類］　ウインナーソーセージ　フライ,12.8,0,0,1
233,＜畜肉類＞　ぶた　［ソーセージ類］　セミドライソーセージ,16.9,0,2.9,1
234,＜畜肉類＞　ぶた　［ソーセージ類］　ドライソーセージ,26.7,0,2.6,1
235,＜畜肉類＞　ぶた　［ソーセージ類］　フランクフルトソーセージ,12.7,0,6.2,1
236,＜畜肉類＞　ぶた　［ソーセージ類］　ボロニアソーセージ,12.5,0,2.9,1
237,＜畜肉類＞　ぶた　［ソーセージ類］　リオナソーセージ,14.9,0,3.7,1
238,＜畜肉類＞　ぶた　［ソーセージ類］　レバーソーセージ,14.7,0,1.9,1
239,＜畜肉類＞　ぶた　［ソーセージ類］　混合ソーセージ,11.8,0,4.7,1
240,＜畜肉類＞　ぶた　［ソーセージ類］　生ソーセージ,14.0,0,0.8,1
241,＜畜肉類＞　ぶた　［その他］　焼き豚,19.4,0,5.1,1
242,＜畜肉類＞　ぶた　［その他］　レバーペースト,12.9,0,3.6,1
243,＜畜肉類＞　ぶた　［その他］　スモークレバー,29.6,0,2.6,1
244,＜畜肉類＞　ぶた　［その他］　ゼラチン,87.6,0,0,1
245,＜畜肉類＞　めんよう　［マトン］　ロース　脂身つき　生,19.3,0,0.2,1
246,＜畜肉類＞　めんよう　［マトン］　ロース　脂身つき　焼き,25.8,0,0.2,1
247,＜畜肉類＞　めんよう　［マトン］　ロース　皮下脂肪なし　生,22.2,0,0,1
248,＜畜肉類＞　めんよう　［マトン］　もも　脂身つき　生,18.8,0,0.1,1
249,＜畜肉類＞　めんよう　［ラム］　かた　脂身つき　生,17.1,0,0.1,1
250,＜畜肉類＞　めんよう　［ラム］　ロース　脂身つき　生,15.6,0,0.2,1
251,＜畜肉類＞　めんよう　［ラム］　ロース　脂身つき　焼き,21.8,0,0.2,1
252,＜畜肉類＞　めんよう　［ラム］　ロース　皮下脂肪なし　生,22.3,0,0,1
253,＜畜肉類＞　めんよう　［ラム］　もも　脂身つき　生,20.0,0,0.3,1
254,＜畜肉類＞　めんよう　［ラム］　もも　脂身つき　焼き,28.6,0,0.3,1
255,＜畜肉類＞　めんよう　混合プレスハム,14.4,0,3,1
256,＜畜肉類＞　やぎ　肉　赤肉　生,21.9,0,0.2,1
257,＜鳥肉類＞　うずら　肉　皮つき　生,20.5,0,0.1,1
258,＜鳥肉類＞　がちょう　フォアグラ　ゆで,8.3,0,1.5,1
259,＜鳥肉類＞　かも　まがも　肉　皮なし　生,23.6,0,0.1,1
260,＜鳥肉類＞　かも　あいがも　肉　皮つき　生,14.2,0,0.1,1
261,＜鳥肉類＞　かも　あひる　肉　皮つき　生,14.9,0,0.1,1
262,＜鳥肉類＞　かも　あひる　肉　皮なし　生,20.1,0,0.2,1
263,＜鳥肉類＞　かも　あひる　皮　生,7.3,0,0,1
264,＜鳥肉類＞　きじ　肉　皮なし　生,23.0,0,0.1,1
265,＜鳥肉類＞　しちめんちょう　肉　皮なし　生,23.5,0,0.1,1
266,＜鳥肉類＞　すずめ　肉　骨・皮つき　生,18.1,0,0.1,1
267,＜鳥肉類＞　にわとり　［親・主品目］　手羽　皮つき　生,23.0,0,0,1
268,＜鳥肉類＞　にわとり　［親・主品目］　むね　皮つき　生,19.5,0,0,1
269,＜鳥肉類＞　にわとり　［親・主品目］　むね　皮なし　生,24.4,0,0,1
270,＜鳥肉類＞　にわとり　［親・主品目］　もも　皮つき　生,17.3,0,0,1
271,＜鳥肉類＞　にわとり　［親・主品目］　もも　皮なし　生,22.0,0,0,1
272,＜鳥肉類＞　にわとり　［親・副品目］　ささみ　生,24.6,0,0,1
273,＜鳥肉類＞　にわとり　［若どり・主品目］　手羽　皮つき　生,17.8,0,0,1
274,＜鳥肉類＞　にわとり　［若どり・主品目］　手羽さき　皮つき　生,17.4,0,0,1
275,＜鳥肉類＞　にわとり　［若どり・主品目］　手羽もと　皮つき　生,18.2,0,0,1
276,＜鳥肉類＞　にわとり　［若どり・主品目］　むね　皮つき　生,21.3,0,0.1,1
277,＜鳥肉類＞　にわとり　［若どり・主品目］　むね　皮つき　焼き,34.7,0,0.1,1
278,＜鳥肉類＞　にわとり　［若どり・主品目］　むね　皮なし　生,23.3,0,0.1,1
279,＜鳥肉類＞　にわとり　［若どり・主品目］　むね　皮なし　焼き,38.8,0,0.1,1
280,＜鳥肉類＞　にわとり　［若どり・主品目］　もも　皮つき　生,16.6,0,0,1
281,＜鳥肉類＞　にわとり　［若どり・主品目］　もも　皮つき　ゆで,22.0,0,0,1
282,＜鳥肉類＞　にわとり　［若どり・主品目］　もも　皮つき　焼き,26.3,0,0,1
283,＜鳥肉類＞　にわとり　［若どり・主品目］　もも　皮つき　から揚げ,24.2,0.8,12.5,1
284,＜鳥肉類＞　にわとり　［若どり・主品目］　もも　皮なし　生,19.0,0,0,1
285,＜鳥肉類＞　にわとり　［若どり・主品目］　もも　皮なし　ゆで,25.1,0,0,1
286,＜鳥肉類＞　にわとり　［若どり・主品目］　もも　皮なし　焼き,25.5,0,0,1
287,＜鳥肉類＞　にわとり　［若どり・主品目］　もも　皮なし　から揚げ,25.4,0.9,11.8,1
288,＜鳥肉類＞　にわとり　［若どり・副品目］　ささみ　生,23.9,0,0.1,1
289,＜鳥肉類＞　にわとり　［若どり・副品目］　ささみ　ゆで,29.6,0,0,1
290,＜鳥肉類＞　にわとり　［若どり・副品目］　ささみ　焼き,31.7,0,0,1
291,＜鳥肉類＞　にわとり　［若どり・副品目］　ささみ　ソテー,36.1,0,0.1,1
292,＜鳥肉類＞　にわとり　［若どり・副品目］　ささみ　フライ,26.8,0,0,1
293,＜鳥肉類＞　にわとり　［若どり・副品目］　ささみ　天ぷら,25.7,0,0,1
294,＜鳥肉類＞　にわとり　［二次品目］　ひき肉　生,17.5,0,0,1
295,＜鳥肉類＞　にわとり　［二次品目］　ひき肉　焼き,27.5,0,0,1
296,＜鳥肉類＞　にわとり　［副品目］　心臓　生,14.5,0,0,1
297,＜鳥肉類＞　にわとり　［副品目］　肝臓　生,18.9,0,0.6,1
298,＜鳥肉類＞　にわとり　［副品目］　すなぎも　生,18.3,0,0,1
299,＜鳥肉類＞　にわとり　［副品目］　皮　むね　生,9.4,0,0,1
300,＜鳥肉類＞　にわとり　［副品目］　皮　もも　生,6.6,0,0,1
301,＜鳥肉類＞　にわとり　［副品目］　なんこつ（胸肉）　生,12.5,0,0.4,1
302,＜鳥肉類＞　にわとり　［その他］　焼き鳥缶詰,18.4,0,8.2,1
303,＜鳥肉類＞　にわとり　［その他］　チキンナゲット,15.5,1.2,13.7,1
304,＜鳥肉類＞　にわとり　［その他］　つくね,15.2,1.9,7.4,1
305,＜鳥肉類＞　はと　肉　皮なし　生,21.8,0,0.3,1
306,＜鳥肉類＞　ほろほろちょう　肉　皮なし　生,22.5,0,0.2,1
307,＜その他＞　いなご　つくだ煮,26.3,0,32.3,1
308,＜その他＞　かえる　肉　生,22.3,0,0.3,1
309,＜その他＞　すっぽん　肉　生,16.4,0,0.5,1
310,＜その他＞　はち　はちの子缶詰,16.2,0,30.2,1
311,＜魚類＞　あいなめ　生,19.1,0,0.1,2
312,＜魚類＞　あこうだい　生,16.8,0,0.1,2
313,＜魚類＞　（あじ類）　まあじ　皮つき　生,19.7,0,0.1,2
314,＜魚類＞　（あじ類）　まあじ　皮なし　生,19.7,0,0.2,2
315,＜魚類＞　（あじ類）　まあじ　皮つき　水煮,22.4,0,0.1,2
316,＜魚類＞　（あじ類）　まあじ　皮つき　焼き,25.9,0,0.1,2
317,＜魚類＞　（あじ類）　まあじ　皮つき　フライ,20.1,0,0,2
318,＜魚類＞　（あじ類）　まあじ　開き干し　生,20.2,0,0.1,2
319,＜魚類＞　（あじ類）　まあじ　開き干し　焼き,24.6,0,0.1,2
320,＜魚類＞　（あじ類）　まあじ　小型　骨付き　生,17.8,0,0.1,2
321,＜魚類＞　（あじ類）　まあじ　小型　骨付き　から揚げ,24.0,0,0,2
322,＜魚類＞　（あじ類）　まるあじ　生,22.1,0,0.2,2
323,＜魚類＞　（あじ類）　まるあじ　焼き,28.7,0,0.2,2
324,＜魚類＞　（あじ類）　にしまあじ　生,19.6,0,0.1,2
325,＜魚類＞　（あじ類）　にしまあじ　水煮,21.7,0,0.1,2
326,＜魚類＞　（あじ類）　にしまあじ　焼き,24.7,0,0.1,2
327,＜魚類＞　（あじ類）　むろあじ　生,23.6,0,0.4,2
328,＜魚類＞　（あじ類）　むろあじ　焼き,29.7,0,0.6,2
329,＜魚類＞　（あじ類）　むろあじ　開き干し,22.9,0,0.1,2
330,＜魚類＞　（あじ類）　むろあじ　くさや,49.9,0,0.3,2
331,＜魚類＞　あなご　生,17.3,0,0,2
332,＜魚類＞　あなご　蒸し,17.6,0,0,2
333,＜魚類＞　あまご　養殖　生,18.3,0,0.1,2
334,＜魚類＞　あまだい　生,18.8,0,0,2
335,＜魚類＞　あまだい　水煮,20.7,0,0,2
336,＜魚類＞　あまだい　焼き,22.5,0,0,2
337,＜魚類＞　あゆ　天然　生,18.3,0,0.1,2
338,＜魚類＞　あゆ　天然　焼き,26.6,0,0.1,2
339,＜魚類＞　あゆ　天然　内臓　生,9.5,0,0.3,2
340,＜魚類＞　あゆ　天然　内臓　焼き,23.0,0,0.4,2
341,＜魚類＞　あゆ　養殖　生,17.8,0,0.6,2
342,＜魚類＞　あゆ　養殖　焼き,22.6,0,0.8,2
343,＜魚類＞　あゆ　養殖　内臓　生,7.4,0,0.3,2
344,＜魚類＞　あゆ　養殖　内臓　焼き,15.2,0,0.4,2
345,＜魚類＞　あゆ　うるか,11.4,0,1.8,2
346,＜魚類＞　アラスカめぬけ　生,17.2,0,0.1,2
347,＜魚類＞　あんこう　生,13.0,0,0.3,2
348,＜魚類＞　あんこう　きも　生,10.0,0,2.2,2
349,＜魚類＞　いかなご　生,17.2,0,0.1,2
350,＜魚類＞　いかなご　煮干し,43.1,0,1.5,2
351,＜魚類＞　いかなご　つくだ煮,29.4,0,30.7,2
352,＜魚類＞　いかなご　あめ煮,25.6,0,35.8,2
353,＜魚類＞　いさき　生,17.2,0,0.1,2
354,＜魚類＞　いしだい　生,19.5,0,0,2
355,＜魚類＞　いとよりだい　生,18.1,0,0.1,2
356,＜魚類＞　いとよりだい　すり身,16.7,0,5.1,2
357,＜魚類＞　いぼだい　生,16.4,0,0,2
358,＜魚類＞　（いわし類）　うるめいわし　生,21.3,0,0.3,2
359,＜魚類＞　（いわし類）　うるめいわし　丸干し,45.0,0,0.3,2
360,＜魚類＞　（いわし類）　かたくちいわし　生,18.2,0,0.3,2
361,＜魚類＞　（いわし類）　かたくちいわし　煮干し,64.5,0,0.3,2
362,＜魚類＞　（いわし類）　かたくちいわし　田作り,66.6,0,0.3,2
363,＜魚類＞　（いわし類）　まいわし　生,19.2,0,0.2,2
364,＜魚類＞　（いわし類）　まいわし　水煮,22.4,0,0.2,2
365,＜魚類＞　（いわし類）　まいわし　焼き,25.3,0,0.2,2
366,＜魚類＞　（いわし類）　まいわし　フライ,20.0,0,0,2
367,＜魚類＞　（いわし類）　まいわし　塩いわし,16.8,0,0.4,2
368,＜魚類＞　（いわし類）　まいわし　生干し,20.6,0,1.1,2
369,＜魚類＞　（いわし類）　まいわし　丸干し,32.8,0,0.7,2
370,＜魚類＞　（いわし類）　めざし　生,18.2,0,0.5,2
371,＜魚類＞　（いわし類）　めざし　焼き,23.7,0,0.7,2
372,＜魚類＞　（いわし類）　しらす　生,15.0,0,0.1,2
373,＜魚類＞　（いわし類）　しらす　釜揚げしらす,17.6,0,0,2
374,＜魚類＞　（いわし類）　しらす干し　微乾燥品,24.5,0,0.1,2
375,＜魚類＞　（いわし類）　しらす干し　半乾燥品,40.5,0,0.5,2
376,＜魚類＞　（いわし類）　たたみいわし,75.1,0,0.7,2
377,＜魚類＞　（いわし類）　みりん干し　かたくちいわし,44.3,0,25,2
378,＜魚類＞　（いわし類）　みりん干し　まいわし,31.4,0,16.3,2
379,＜魚類＞　（いわし類）　缶詰　水煮,20.7,0,0.1,2
380,＜魚類＞　（いわし類）　缶詰　味付け,20.4,0,5.7,2
381,＜魚類＞　（いわし類）　缶詰　トマト漬,17.5,0,1.3,2
382,＜魚類＞　（いわし類）　缶詰　油漬,20.3,0,0.3,2
383,＜魚類＞　（いわし類）　缶詰　かば焼,16.2,0,9.3,2
384,＜魚類＞　（いわし類）　缶詰　アンチョビ,24.2,0,0.1,2
385,＜魚類＞　いわな　養殖　生,19.0,0,0.1,2
386,＜魚類＞　うぐい　生,20.1,0,0.2,2
387,＜魚類＞　うなぎ　養殖　生,17.1,0,0.3,2
388,＜魚類＞　うなぎ　きも　生,13.0,0,3.5,2
389,＜魚類＞　うなぎ　白焼き,20.7,0,0.1,2
390,＜魚類＞　うなぎ　かば焼,23.0,0,3.1,2
391,＜魚類＞　うまづらはぎ　生,18.2,0,0,2
392,＜魚類＞　うまづらはぎ　味付け開き干し,58.9,0,10.4,2
393,＜魚類＞　えい　生,19.1,0,0.1,2
394,＜魚類＞　えそ　生,20.1,0,0.1,2
395,＜魚類＞　おいかわ　生,19.2,0,0.1,2
396,＜魚類＞　おおさが　生,16.3,0,0.1,2
397,＜魚類＞　おこぜ　生,19.6,0,0.2,2
398,＜魚類＞　おひょう　生,19.9,0,0.1,2
399,＜魚類＞　かさご　生,19.3,0,0.1,2
400,＜魚類＞　かじか　生,15.0,0,0.2,2
401,＜魚類＞　かじか　水煮,15.8,0,0.2,2
402,＜魚類＞　かじか　つくだ煮,29.4,0,33.8,2
403,＜魚類＞　（かじき類）　くろかじき　生,22.9,0,0.1,2
404,＜魚類＞　（かじき類）　まかじき　生,23.1,0,0.1,2
405,＜魚類＞　（かじき類）　めかじき　生,19.2,0,0.1,2
406,＜魚類＞　（かじき類）　めかじき　焼き,27.5,0,0,2
407,＜魚類＞　（かつお類）　かつお　春獲り　生,25.8,0,0.1,2
408,＜魚類＞　（かつお類）　かつお　秋獲り　生,25.0,0,0.2,2
409,＜魚類＞　（かつお類）　そうだがつお　生,25.7,0,0.3,2
410,＜魚類＞　（かつお類）　加工品　なまり,29.8,0,0.4,2
411,＜魚類＞　（かつお類）　加工品　なまり節,38.0,0,0.5,2
412,＜魚類＞　（かつお類）　加工品　裸節,71.6,0,0.2,2
413,＜魚類＞　（かつお類）　加工品　かつお節,77.1,0,0.8,2
414,＜魚類＞　（かつお類）　加工品　削り節,75.7,0,0.4,2
415,＜魚類＞　（かつお類）　加工品　削り節つくだ煮,19.5,0,32.3,2
416,＜魚類＞　（かつお類）　加工品　角煮,31.0,0,21.4,2
417,＜魚類＞　（かつお類）　加工品　塩辛,12.0,0,0,2
418,＜魚類＞　（かつお類）　缶詰　味付け　フレーク,18.4,0,10.7,2
419,＜魚類＞　（かつお類）　缶詰　油漬　フレーク,18.8,0,0.1,2
420,＜魚類＞　かます　生,18.9,0,0.1,2
421,＜魚類＞　かます　焼き,23.3,0,0.1,2
422,＜魚類＞　（かれい類）　まがれい　生,19.6,0,0.1,2
423,＜魚類＞　（かれい類）　まがれい　水煮,21.4,0,0.1,2
424,＜魚類＞　（かれい類）　まがれい　焼き,23.4,0,0.1,2
425,＜魚類＞　（かれい類）　まこがれい　生,18.0,0,0.1,2
426,＜魚類＞　（かれい類）　まこがれい　焼き,28.5,0,0.2,2
427,＜魚類＞　（かれい類）　子持ちがれい　生,19.9,0,0.1,2
428,＜魚類＞　（かれい類）　子持ちがれい　水煮,22.3,0,0.1,2
429,＜魚類＞　（かれい類）　干しかれい,20.2,0,0,2
430,＜魚類＞　かわはぎ　生,18.8,0,0,2
431,＜魚類＞　かんぱち　三枚おろし　生,21.0,0,0.1,2
432,＜魚類＞　かんぱち　背側　生,22.2,0,0.1,2
433,＜魚類＞　きす　生,18.5,0,0,2
434,＜魚類＞　きす　天ぷら,18.4,0.7,7.1,2
435,＜魚類＞　きちじ　生,13.6,0,0,2
436,＜魚類＞　きびなご　生,18.8,0,0.1,2
437,＜魚類＞　きびなご　調味干し,47.9,0,0.5,2
438,＜魚類＞　キャビア　塩蔵品,26.2,0,1.1,2
439,＜魚類＞　キングクリップ　生,18.2,0,0,2
440,＜魚類＞　ぎんだら　生,13.6,0,0,2
441,＜魚類＞　ぎんだら　水煮,14.9,0,0,2
442,＜魚類＞　きんめだい　生,17.8,0,0.1,2
443,＜魚類＞　ぐち　生,18.0,0,0,2
444,＜魚類＞　ぐち　焼き,23.4,0,0,2
445,＜魚類＞　こい　養殖　生,17.7,0,0.2,2
446,＜魚類＞　こい　養殖　水煮,19.2,0,0.2,2
447,＜魚類＞　こい　養殖　内臓　生,9.0,0,1.3,2
448,＜魚類＞　（こち類）　まごち　生,22.5,0,0.2,2
449,＜魚類＞　（こち類）　めごち　生,17.1,0,0.1,2
450,＜魚類＞　このしろ　生,19.0,0,0.4,2
451,＜魚類＞　このしろ　甘酢漬,19.1,0,6.4,2
452,＜魚類＞　（さけ・ます類）　からふとます　生,21.7,0,0.1,2
453,＜魚類＞　（さけ・ます類）　からふとます　焼き,28.1,0,0.1,2
454,＜魚類＞　（さけ・ます類）　からふとます　塩ます,20.9,0,0.6,2
455,＜魚類＞　（さけ・ます類）　からふとます　水煮缶詰,20.7,0,0.1,2
456,＜魚類＞　（さけ・ます類）　ぎんざけ　養殖　生,19.6,0,0.3,2
457,＜魚類＞　（さけ・ます類）　ぎんざけ　養殖　焼き,25.2,0,0.4,2
458,＜魚類＞　（さけ・ます類）　さくらます　生,20.9,0,0.1,2
459,＜魚類＞　（さけ・ます類）　さくらます　焼き,28.4,0,0.1,2
460,＜魚類＞　（さけ・ます類）　しろさけ　生,22.3,0,0.1,2
461,＜魚類＞　（さけ・ます類）　しろさけ　水煮,25.5,0,0.1,2
462,＜魚類＞　（さけ・ます類）　しろさけ　焼き,29.1,0,0.1,2
463,＜魚類＞　（さけ・ます類）　しろさけ　新巻き　生,22.8,0,0.1,2
464,＜魚類＞　（さけ・ます類）　しろさけ　新巻き　焼き,29.3,0,0.1,2
465,＜魚類＞　（さけ・ます類）　しろさけ　塩ざけ,22.4,0,0.1,2
466,＜魚類＞　（さけ・ます類）　しろさけ　イクラ,32.6,0,0.2,2
467,＜魚類＞　（さけ・ます類）　しろさけ　すじこ,30.5,0,0.9,2
468,＜魚類＞　（さけ・ます類）　しろさけ　めふん,16.9,0,0.4,2
469,＜魚類＞　（さけ・ます類）　しろさけ　水煮缶詰,21.2,0,0.1,2
470,＜魚類＞　（さけ・ます類）　しろさけ　サケ節　削り節,77.4,0,0.2,2
471,＜魚類＞　（さけ・ます類）　たいせいようさけ　養殖　皮つき　生,20.1,0,0.1,2
472,＜魚類＞　（さけ・ます類）　たいせいようさけ　養殖　皮つき　水煮,22.5,0,0.1,2
473,＜魚類＞　（さけ・ます類）　たいせいようさけ　養殖　皮つき　蒸し,23.8,0,0.1,2
474,＜魚類＞　（さけ・ます類）　たいせいようさけ　養殖　皮つき　電子レンジ調理,22.9,0,0.1,2
475,＜魚類＞　（さけ・ます類）　たいせいようさけ　養殖　皮つき　焼き,24.5,0,0.3,2
476,＜魚類＞　（さけ・ます類）　たいせいようさけ　養殖　皮つき　ソテー,25.2,0,0.1,2
477,＜魚類＞　（さけ・ます類）　たいせいようさけ　養殖　皮つき　天ぷら,21.0,0,0,2
478,＜魚類＞　（さけ・ます類）　たいせいようさけ　養殖　皮なし　生,19.6,0,0.1,2
479,＜魚類＞　（さけ・ます類）　たいせいようさけ　養殖　皮なし　水煮,22.7,0,0.1,2
480,＜魚類＞　（さけ・ます類）　たいせいようさけ　養殖　皮なし　蒸し,23.2,0,0.1,2
481,＜魚類＞　（さけ・ます類）　たいせいようさけ　養殖　皮なし　電子レンジ調理,22.7,0,0.1,2
482,＜魚類＞　（さけ・ます類）　たいせいようさけ　養殖　皮なし　焼き,23.9,0,0.1,2
483,＜魚類＞　（さけ・ます類）　たいせいようさけ　養殖　皮なし　ソテー,25.8,0,0.1,2
484,＜魚類＞　（さけ・ます類）　たいせいようさけ　養殖　皮なし　天ぷら,20.0,0,0,2
485,＜魚類＞　（さけ・ます類）　にじます　海面養殖　皮つき　生,21.4,0,0.1,2
486,＜魚類＞　（さけ・ます類）　にじます　海面養殖　皮なし　生,20.5,0,0.2,2
487,＜魚類＞　（さけ・ます類）　にじます　海面養殖　皮つき　焼き,27.2,0,0.4,2
488,＜魚類＞　（さけ・ます類）　にじます　淡水養殖　皮つき　生,19.7,0,0.1,2
489,＜魚類＞　（さけ・ます類）　べにざけ　生,22.5,0,0.1,2
490,＜魚類＞　（さけ・ます類）　べにざけ　焼き,28.5,0,0.1,2
491,＜魚類＞　（さけ・ます類）　べにざけ　くん製,25.7,0,0.1,2
492,＜魚類＞　（さけ・ます類）　ますのすけ　生,19.5,0,0,2
493,＜魚類＞　（さけ・ます類）　ますのすけ　焼き,26.4,0,0,2
494,＜魚類＞　（さば類）　まさば　生,20.6,0,0.3,2
495,＜魚類＞　（さば類）　まさば　水煮,22.6,0,0.3,2
496,＜魚類＞　（さば類）　まさば　焼き,25.2,0,0.4,2
497,＜魚類＞　（さば類）　まさば　フライ,20.0,0,0,2
498,＜魚類＞　（さば類）　ごまさば　生,23.0,0,0.3,2
499,＜魚類＞　（さば類）　ごまさば　水煮,24.8,0,0.2,2
500,＜魚類＞　（さば類）　ごまさば　焼き,31.1,0,0.3,2
501,＜魚類＞　（さば類）　ごまさば　さば節,73.9,0,0,2
502,＜魚類＞　（さば類）　たいせいようさば　生,17.2,0,0.4,2
503,＜魚類＞　（さば類）　たいせいようさば　水煮,18.6,0,0.4,2
504,＜魚類＞　（さば類）　たいせいようさば　焼き,21.8,0,0.5,2
505,＜魚類＞　（さば類）　加工品　塩さば,26.2,0,0.1,2
506,＜魚類＞　（さば類）　加工品　開き干し,18.7,0,0.2,2
507,＜魚類＞　（さば類）　加工品　しめさば,18.6,0,1.7,2
508,＜魚類＞　（さば類）　缶詰　水煮,20.9,0,0.2,2
509,＜魚類＞　（さば類）　缶詰　みそ煮,16.3,0,6.6,2
510,＜魚類＞　（さば類）　缶詰　味付け,21.4,0,4,2
511,＜魚類＞　（さめ類）　あぶらつのざめ　生,16.8,0,0,2
512,＜魚類＞　（さめ類）　よしきりざめ　生,18.9,0,0,2
513,＜魚類＞　（さめ類）　ふかひれ,83.9,0,0,2
514,＜魚類＞　さより　生,19.6,0,0,2
515,＜魚類＞　さわら　生,20.1,0,0.1,2
516,＜魚類＞　さわら　焼き,23.6,0,0.1,2
517,＜魚類＞　さんま　皮つき　生,18.1,0,0.1,2
518,＜魚類＞　さんま　皮なし　生,17.8,0,0.2,2
519,＜魚類＞　さんま　皮つき　焼き,23.3,0,0.2,2
520,＜魚類＞　さんま　開き干し,19.3,0,0.1,2
521,＜魚類＞　さんま　みりん干し,23.9,0,20.4,2
522,＜魚類＞　さんま　缶詰　味付け,18.9,0,5.6,2
523,＜魚類＞　さんま　缶詰　かば焼,17.4,0,9.7,2
524,＜魚類＞　しいら　生,21.3,0,0,2
525,＜魚類＞　（ししゃも類）　ししゃも　生干し　生,21.0,0,0.2,2
526,＜魚類＞　（ししゃも類）　ししゃも　生干し　焼き,24.3,0,0.2,2
527,＜魚類＞　（ししゃも類）　からふとししゃも　生干し　生,15.6,0,0.5,2
528,＜魚類＞　（ししゃも類）　からふとししゃも　生干し　焼き,18.2,0,0.6,2
529,＜魚類＞　したびらめ　生,19.2,0,0,2
530,＜魚類＞　しまあじ　養殖　生,21.9,0,0.1,2
531,＜魚類＞　しらうお　生,13.6,0,0.1,2
532,＜魚類＞　シルバー　生,18.6,0,0,2
533,＜魚類＞　すずき　生,19.8,0,0,2
534,＜魚類＞　（たい類）　きだい　生,18.6,0,0.2,2
535,＜魚類＞　（たい類）　くろだい　生,20.4,0,0.3,2
536,＜魚類＞　（たい類）　ちだい　生,19.4,0,0.1,2
537,＜魚類＞　（たい類）　まだい　天然　生,20.6,0,0.1,2
538,＜魚類＞　（たい類）　まだい　養殖　皮つき　生,20.9,0,0.1,2
539,＜魚類＞　（たい類）　まだい　養殖　皮つき　水煮,22.2,0,0.1,2
540,＜魚類＞　（たい類）　まだい　養殖　皮つき　焼き,22.7,0,0.1,2
541,＜魚類＞　（たい類）　まだい　養殖　皮なし　生,21.2,0,0.2,2
542,＜魚類＞　たかさご　生,20.2,0,0.1,2
543,＜魚類＞　たかべ　生,18.7,0,0,2
544,＜魚類＞　たちうお　生,16.5,0,0,2
545,＜魚類＞　（たら類）　すけとうだら　生,17.4,0,0.1,2
546,＜魚類＞　（たら類）　すけとうだら　フライ,19.2,0,0,2
547,＜魚類＞　（たら類）　すけとうだら　すり身,17.5,0,6.6,2
548,＜魚類＞　（たら類）　すけとうだら　すきみだら,40.5,0,0.1,2
549,＜魚類＞　（たら類）　すけとうだら　たらこ　生,24.0,0,0.4,2
550,＜魚類＞　（たら類）　すけとうだら　たらこ　焼き,28.3,0,0.5,2
551,＜魚類＞　（たら類）　すけとうだら　からしめんたいこ,21.0,0,3,2
552,＜魚類＞　（たら類）　まだら　生,17.6,0,0.1,2
553,＜魚類＞　（たら類）　まだら　焼き,25.2,0,0.2,2
554,＜魚類＞　（たら類）　まだら　しらこ　生,13.4,0,0.2,2
555,＜魚類＞　（たら類）　まだら　塩だら,15.2,0,0,2
556,＜魚類＞　（たら類）　まだら　干しだら,73.2,0,0.1,2
557,＜魚類＞　（たら類）　加工品　でんぶ,25.5,0,41.5,2
558,＜魚類＞　（たら類）　加工品　桜でんぶ,10.6,0,80.2,2
559,＜魚類＞　ちか　生,19.5,0,0,2
560,＜魚類＞　どじょう　生,16.1,0,0,2
561,＜魚類＞　どじょう　水煮,17.1,0,0,2
562,＜魚類＞　とびうお　生,21.0,0,0.1,2
563,＜魚類＞　とびうお　煮干し,80.0,0,0.1,2
564,＜魚類＞　とびうお　焼き干し,73.4,0,0.1,2
565,＜魚類＞　ナイルティラピア　生,19.8,0,0.2,2
566,＜魚類＞　なまず　生,18.4,0,0,2
567,＜魚類＞　にぎす　生,18.7,0,0.1,2
568,＜魚類＞　にしん　生,17.4,0,0.1,2
569,＜魚類＞　にしん　身欠きにしん,20.9,0,0.2,2
570,＜魚類＞　にしん　開き干し,18.5,0,0.2,2
571,＜魚類＞　にしん　くん製,23.1,0,0,2
572,＜魚類＞　にしん　かずのこ　生,25.2,0,0.2,2
573,＜魚類＞　にしん　かずのこ　乾,65.2,0,0.5,2
574,＜魚類＞　にしん　かずのこ　塩蔵　水戻し,15.0,0,0.6,2
575,＜魚類＞　はぜ　生,19.1,0,0.1,2
576,＜魚類＞　はぜ　つくだ煮,24.3,0,39.9,2
577,＜魚類＞　はぜ　甘露煮,21.1,0,40.3,2
578,＜魚類＞　はたはた　生,14.1,0,0,2
579,＜魚類＞　はたはた　生干し,16.7,0,0,2
580,＜魚類＞　はまふえふき　生,20.5,0,0.1,2
581,＜魚類＞　はも　生,22.3,0,0,2
582,＜魚類＞　ひらまさ　生,22.6,0,0.1,2
583,＜魚類＞　ひらめ　天然　生,20.0,0,0,2
584,＜魚類＞　ひらめ　養殖　皮つき　生,21.6,0,0,2
585,＜魚類＞　ひらめ　養殖　皮なし　生,21.2,0,0.1,2
586,＜魚類＞　（ふぐ類）　とらふぐ　養殖　生,19.3,0,0.2,2
587,＜魚類＞　（ふぐ類）　まふぐ　生,18.9,0,0,2
588,＜魚類＞　ふな　生,18.2,0,0.1,2
589,＜魚類＞　ふな　水煮,20.3,0,0.1,2
590,＜魚類＞　ふな　甘露煮,15.5,0,44.4,2
591,＜魚類＞　ふな　ふなずし,21.3,0,9.2,2
592,＜魚類＞　ぶり　成魚　生,21.4,0,0.3,2
593,＜魚類＞　ぶり　成魚　焼き,26.2,0,0.3,2
594,＜魚類＞　ぶり　はまち　養殖　皮つき　生,20.7,0,0.3,2
595,＜魚類＞　ぶり　はまち　養殖　皮なし　生,21.0,0,0.3,2
596,＜魚類＞　ほうぼう　生,19.6,0,0,2
597,＜魚類＞　ホキ　生,17.0,0,0,2
598,＜魚類＞　ほっけ　生,17.3,0,0.1,2
599,＜魚類＞　ほっけ　塩ほっけ,18.1,0,0.1,2
600,＜魚類＞　ほっけ　開き干し　生,20.6,0,0.1,2
601,＜魚類＞　ほっけ　開き干し　焼き,23.1,0,0.2,2
602,＜魚類＞　ぼら　生,19.2,0,0.1,2
603,＜魚類＞　ぼら　からすみ,40.4,0,0.3,2
604,＜魚類＞　ほんもろこ　生,17.5,0,0.1,2
605,＜魚類＞　（まぐろ類）　きはだ　生,24.3,0,0,2
606,＜魚類＞　（まぐろ類）　くろまぐろ　天然　赤身　生,26.4,0,0.1,2
607,＜魚類＞　（まぐろ類）　くろまぐろ　天然　脂身　生,20.1,0,0.1,2
608,＜魚類＞　（まぐろ類）　くろまぐろ　養殖　赤身　生,24.8,0,0.3,2
609,＜魚類＞　（まぐろ類）　くろまぐろ　養殖　赤身　水煮,27.2,0,0.3,2
610,＜魚類＞　（まぐろ類）　くろまぐろ　養殖　赤身　蒸し,28.0,0,0.2,2
611,＜魚類＞　（まぐろ類）　くろまぐろ　養殖　赤身　電子レンジ調理,30.4,0,0.3,2
612,＜魚類＞　（まぐろ類）　くろまぐろ　養殖　赤身　焼き,29.0,0,0.3,2
613,＜魚類＞　（まぐろ類）　くろまぐろ　養殖　赤身　ソテー,28.0,0,0.3,2
614,＜魚類＞　（まぐろ類）　くろまぐろ　養殖　赤身　天ぷら,25.1,0,3.2,2
615,＜魚類＞　（まぐろ類）　びんなが　生,26.0,0,0.2,2
616,＜魚類＞　（まぐろ類）　みなみまぐろ　赤身　生,21.6,0,0.1,2
617,＜魚類＞　（まぐろ類）　みなみまぐろ　脂身　生,20.3,0,0.1,2
618,＜魚類＞　（まぐろ類）　めじまぐろ　生,25.2,0,0.1,2
619,＜魚類＞　（まぐろ類） めばち　赤身　生,25.4,0,0.3,2
620,＜魚類＞　（まぐろ類） めばち　脂身　生,23.9,0,0.4,2
621,＜魚類＞　（まぐろ類）　缶詰　水煮　フレーク　ライト,16.0,0,0.2,2
622,＜魚類＞　（まぐろ類）　缶詰　水煮　フレーク　ホワイト,18.3,0,0.4,2
623,＜魚類＞　（まぐろ類）　缶詰　味付け　フレーク,19.0,0,9.9,2
624,＜魚類＞　（まぐろ類）　缶詰　油漬　フレーク　ライト,17.7,0,0.1,2
625,＜魚類＞　（まぐろ類）　缶詰　油漬　フレーク　ホワイト,18.8,0,0.1,2
626,＜魚類＞　マジェランあいなめ　生,13.3,0,0.1,2
627,＜魚類＞　まながつお　生,17.1,0,0,2
628,＜魚類＞　みなみくろたち　生,21.7,0,0.1,2
629,＜魚類＞　みなみだら　生,16.4,0,0,2
630,＜魚類＞　むつ　生,16.7,0,0,2
631,＜魚類＞　むつ　水煮,22.2,0,0,2
632,＜魚類＞　めじな　生,19.4,0,0.1,2
633,＜魚類＞　めばる　生,18.1,0,0,2
634,＜魚類＞　メルルーサ　生,17.0,0,0,2
635,＜魚類＞　やつめうなぎ　生,15.8,0,0.2,2
636,＜魚類＞　やつめうなぎ　干しやつめ,50.3,0,0.5,2
637,＜魚類＞　やまめ　養殖　生,18.4,0,0.3,2
638,＜魚類＞　わかさぎ　生,14.4,0,0.1,2
639,＜魚類＞　わかさぎ　つくだ煮,28.7,0,38.2,2
640,＜魚類＞　わかさぎ　あめ煮,26.3,0,40.4,2
641,＜貝類＞　あかがい　生,13.5,0,3.5,2
642,＜貝類＞　あげまき　生,8.1,0,2,2
643,＜貝類＞　あさり　生,6.0,0,0.4,2
644,＜貝類＞　あさり　つくだ煮,20.8,0,30.1,2
645,＜貝類＞　あさり　缶詰　水煮,20.3,0,1.9,2
646,＜貝類＞　あさり　缶詰　味付け,16.6,0,11.5,2
647,＜貝類＞　あわび　くろあわび　生,14.3,0,3.6,2
648,＜貝類＞　あわび　まだかあわび　生,14.6,0,3.3,2
649,＜貝類＞　あわび　めがいあわび　生,12.2,0,6.8,2
650,＜貝類＞　あわび　干し,38.0,0,23.8,2
651,＜貝類＞　あわび　塩辛,14.8,0,1.4,2
652,＜貝類＞　あわび　水煮缶詰,19.4,0,1,2
653,＜貝類＞　いがい　生,10.3,0,3.2,2
654,＜貝類＞　いたやがい　養殖　生,10.8,0,1.5,2
655,＜貝類＞　エスカルゴ　水煮缶詰,16.5,0,0.8,2
656,＜貝類＞　かき　養殖　生,6.9,0,4.9,2
657,＜貝類＞　かき　養殖　水煮,9.9,0,7.1,2
658,＜貝類＞　かき　養殖　フライ,7.6,0,0,2
659,＜貝類＞　かき　くん製油漬缶詰,12.5,0,11.2,2
660,＜貝類＞　さざえ　生,19.4,0,0.8,2
661,＜貝類＞　さざえ　焼き,21.3,0,0.9,2
662,＜貝類＞　さるぼう　味付け缶詰,15.9,0,12.9,2
663,＜貝類＞　しじみ　生,7.5,0,4.5,2
664,＜貝類＞　しじみ　水煮,15.4,0,5.5,2
665,＜貝類＞　たいらがい　貝柱　生,21.8,0,1.5,2
666,＜貝類＞　たにし　生,13.0,0,3.6,2
667,＜貝類＞　つぶ　生,17.8,0,2.3,2
668,＜貝類＞　とこぶし　生,16.0,0,3,2
669,＜貝類＞　とりがい　斧足　生,12.9,0,6.9,2
670,＜貝類＞　ばい　生,16.3,0,3.1,2
671,＜貝類＞　ばかがい　生,10.9,0,2.4,2
672,＜貝類＞　（はまぐり類）　はまぐり　生,6.1,0,1.8,2
673,＜貝類＞　（はまぐり類）　はまぐり　水煮,14.9,0,2.9,2
674,＜貝類＞　（はまぐり類）　はまぐり　焼き,13.3,0,2.8,2
675,＜貝類＞　（はまぐり類）　はまぐり　つくだ煮,27.0,0,21.4,2
676,＜貝類＞　（はまぐり類）　ちょうせんはまぐり　生,6.5,0,2.7,2
677,＜貝類＞　ほたてがい　生,13.5,0,1.5,2
678,＜貝類＞　ほたてがい　水煮,17.6,0,1.9,2
679,＜貝類＞　ほたてがい　貝柱　生,16.9,0,3.5,2
680,＜貝類＞　ほたてがい　貝柱　焼き,23.8,0,4.6,2
681,＜貝類＞　ほたてがい　貝柱　煮干し,65.7,0,7.6,2
682,＜貝類＞　ほたてがい　貝柱　水煮缶詰,19.5,0,1.5,2
683,＜貝類＞　ほっきがい　生,11.1,0,3.8,2
684,＜貝類＞　みるがい　水管　生,18.3,0,0.3,2
685,＜えび・かに類＞　（えび類）　あまえび　生,19.8,0,0.1,2
686,＜えび・かに類＞　（えび類）　いせえび　生,20.9,0,0,2
687,＜えび・かに類＞　（えび類）　くるまえび　養殖　生,21.6,0,0,2
688,＜えび・かに類＞　（えび類）　くるまえび　養殖　ゆで,28.2,0,0,2
689,＜えび・かに類＞　（えび類）　くるまえび　養殖　焼き,23.5,0,0,2
690,＜えび・かに類＞　（えび類）　さくらえび　生,16.6,0,0,2
691,＜えび・かに類＞　（えび類）　さくらえび　ゆで,18.2,0,0,2
692,＜えび・かに類＞　（えび類）　さくらえび　素干し,64.9,0,0,2
693,＜えび・かに類＞　（えび類）　さくらえび　煮干し,59.1,0,0,2
694,＜えび・かに類＞　（えび類）　大正えび　生,21.7,0,0.1,2
695,＜えび・かに類＞　（えび類）　しばえび　生,18.7,0,0.1,2
696,＜えび・かに類＞　（えび類）　バナメイえび　養殖　生,19.6,0,0.7,2
697,＜えび・かに類＞　（えび類）　バナメイえび　養殖　天ぷら,20.0,0.9,5.6,2
698,＜えび・かに類＞　（えび類）　ブラックタイガー　養殖　生,18.4,0,0.3,2
699,＜えび・かに類＞　（えび類）　加工品　干しえび,48.6,0,0,2
700,＜えび・かに類＞　（えび類）　加工品　つくだ煮,25.9,0,0,2
701,＜えび・かに類＞　（かに類）　がざみ　生,14.4,0,0.3,2
702,＜えび・かに類＞　（かに類）　毛がに　生,15.8,0,0.2,2
703,＜えび・かに類＞　（かに類）　毛がに　ゆで,18.4,0,0.2,2
704,＜えび・かに類＞　（かに類）　ずわいがに　生,13.9,0,0.1,2
705,＜えび・かに類＞　（かに類）　ずわいがに　ゆで,15.0,0,0.1,2
706,＜えび・かに類＞　（かに類）　ずわいがに　水煮缶詰,16.3,0,0.2,2
707,＜えび・かに類＞　（かに類）　たらばがに　生,13.0,0,0.2,2
708,＜えび・かに類＞　（かに類）　たらばがに　ゆで,17.5,0,0.3,2
709,＜えび・かに類＞　（かに類）　たらばがに　水煮缶詰,20.6,0,0.1,2
710,＜えび・かに類＞　（かに類）　加工品　がん漬,8.4,0,0,2
711,＜いか・たこ類＞　（いか類）　あかいか　生,17.9,0,0,2
712,＜いか・たこ類＞　（いか類）　けんさきいか　生,17.5,0,0.1,2
713,＜いか・たこ類＞　（いか類）　こういか　生,14.9,0,0.1,2
714,＜いか・たこ類＞　（いか類）　するめいか　生,17.9,0,0.1,2
715,＜いか・たこ類＞　（いか類）　するめいか　水煮,21.9,0,0.1,2
716,＜いか・たこ類＞　（いか類）　するめいか　焼き,23.6,0,0.1,2
717,＜いか・たこ類＞　（いか類）　するめいか　胴　皮つき　生,18.6,0,0.1,2
718,＜いか・たこ類＞　（いか類）　するめいか　胴　皮なし　生,18.6,0,0.1,2
719,＜いか・たこ類＞　（いか類）　するめいか　胴　皮なし　天ぷら,16.7,0.8,5.5,2
720,＜いか・たこ類＞　（いか類）　するめいか　耳・足　生,16.9,0,0,2
721,＜いか・たこ類＞　（いか類）　ほたるいか　生,11.8,0,0.2,2
722,＜いか・たこ類＞　（いか類）　ほたるいか　ゆで,17.7,0,0.4,2
723,＜いか・たこ類＞　（いか類）　ほたるいか　くん製,43.1,0,21.3,2
724,＜いか・たこ類＞　（いか類）　ほたるいか　つくだ煮,27.0,0,22.9,2
725,＜いか・たこ類＞　（いか類）　やりいか　生,17.6,0,0.4,2
726,＜いか・たこ類＞　（いか類）　加工品　するめ,69.2,0,0.4,2
727,＜いか・たこ類＞　（いか類）　加工品　さきいか,45.5,0,17.3,2
728,＜いか・たこ類＞　（いか類）　加工品　くん製,35.2,0,12.8,2
729,＜いか・たこ類＞　（いか類）　加工品　切りいかあめ煮,22.7,0,46.1,2
730,＜いか・たこ類＞　（いか類）　加工品　いかあられ,20.0,0,49.1,2
731,＜いか・たこ類＞　（いか類）　加工品　塩辛,15.2,0,6.5,2
732,＜いか・たこ類＞　（いか類）　加工品　味付け缶詰,21.4,0,7.7,2
733,＜いか・たこ類＞　（たこ類）　いいだこ　生,14.6,0,0.1,2
734,＜いか・たこ類＞　（たこ類）　まだこ　生,16.4,0,0.1,2
735,＜いか・たこ類＞　（たこ類）　まだこ　ゆで,21.7,0,0.1,2
736,＜いか・たこ類＞　（たこ類）　みずだこ　生,13.4,0,0.1,2
737,＜その他＞　あみ　つくだ煮,19.1,0,0,2
738,＜その他＞　あみ　塩辛,12.9,0,0,2
739,＜その他＞　うに　生うに,16.0,0,3.3,2
740,＜その他＞　うに　粒うに,17.2,0,15.6,2
741,＜その他＞　うに　練りうに,13.5,0,22.4,2
742,＜その他＞　おきあみ　生,15.0,0,0,2
743,＜その他＞　おきあみ　ゆで,13.8,0,0,2
744,＜その他＞　くらげ　塩蔵　塩抜き,5.2,0,0,2
745,＜その他＞　しゃこ　ゆで,19.2,0,0.2,2
746,＜その他＞　なまこ　生,4.6,0,0.5,2
747,＜その他＞　なまこ　このわた,11.4,0,0.5,2
748,＜その他＞　ほや　生,5.0,0,0.8,2
749,＜その他＞　ほや　塩辛,11.6,0,3.8,2
750,＜水産練り製品＞　かに風味かまぼこ,12.1,0,9.2,2
751,＜水産練り製品＞　黒はんぺん,11.2,0.9,12.8,2
752,＜水産練り製品＞　昆布巻きかまぼこ,8.9,0,0,2
753,＜水産練り製品＞　す巻きかまぼこ,12.0,0,8.7,2
754,＜水産練り製品＞　蒸しかまぼこ,12.0,0,9.7,2
755,＜水産練り製品＞　焼き抜きかまぼこ,16.2,0,7.4,2
756,＜水産練り製品＞　焼き竹輪,12.2,0,13.5,2
757,＜水産練り製品＞　だて巻,14.6,0,17.6,2
758,＜水産練り製品＞　つみれ,12.0,0,6.5,2
759,＜水産練り製品＞　なると,7.6,0,11.6,2
760,＜水産練り製品＞　はんぺん,9.9,0,11.4,2
761,＜水産練り製品＞　さつま揚げ,12.5,0,13.9,2
762,＜水産練り製品＞　魚肉ハム,13.4,0,11.1,2
763,＜水産練り製品＞　魚肉ソーセージ,11.5,0,12.6,2
764,アーティチョーク　花らい　生,2.3,8.7,2.6,3
765,アーティチョーク　花らい　ゆで,2.1,8.6,2.2,3
766,あさつき　葉　生,4.2,3.3,2.3,3
767,あさつき　葉　ゆで,4.2,3.4,3.9,3
768,あしたば　茎葉　生,3.3,5.6,1.1,3
769,あしたば　茎葉　ゆで,2.9,5.3,1.3,3
770,アスパラガス　若茎　生,2.6,1.8,2.1,3
771,アスパラガス　若茎　ゆで,2.6,2.1,2.5,3
772,アスパラガス　若茎　油いため,2.9,2.1,2,3
773,アスパラガス　水煮缶詰,2.4,1.7,2.6,3
774,アロエ　葉　生,0,0.4,0.3,3
775,いんげんまめ　さやいんげん　若ざや　生,1.8,2.4,2.7,3
776,いんげんまめ　さやいんげん　若ざや　ゆで,1.8,2.6,2.9,3
777,（うど類）　うど　茎　生,0.8,1.4,2.9,3
778,（うど類）　うど　茎　水さらし,0.6,1.6,1.8,3
779,（うど類）　やまうど　茎　生,1.1,1.8,2.5,3
780,うるい　葉　生,1.9,3.3,0.7,3
781,えだまめ　生,11.7,5.0,3.8,3
782,えだまめ　ゆで,11.5,4.6,4.3,3
783,えだまめ　冷凍,13.0,7.3,3.3,3
784,エンダイブ　葉　生,1.2,2.2,0.7,3
785,（えんどう類）　トウミョウ　茎葉　生,3.8,3.3,0.7,3
786,（えんどう類）　トウミョウ　芽ばえ　生,3.8,2.2,1,3
787,（えんどう類）　トウミョウ　芽ばえ　ゆで,3.6,3.5,0.3,3
788,（えんどう類）　トウミョウ　芽ばえ　油いため,5.0,3.0,1.3,3
789,（えんどう類）　さやえんどう　若ざや　生,3.1,3.0,4.5,3
790,（えんどう類）　さやえんどう　若ざや　ゆで,3.2,3.1,3.9,3
791,（えんどう類）　スナップえんどう　若ざや　生,2.9,2.5,7.4,3
792,（えんどう類）　グリンピース　生,6.9,7.7,7.6,3
793,（えんどう類）　グリンピース　ゆで,8.3,8.6,9.9,3
794,（えんどう類）　グリンピース　冷凍,5.8,9.3,7.8,3
795,（えんどう類）　グリンピース　冷凍　ゆで,6.2,10.3,7.5,3
796,（えんどう類）　グリンピース　冷凍　油いため,6.3,9.3,8.9,3
797,（えんどう類）　グリンピース　水煮缶詰,3.6,6.9,12.8,3
798,おおさかしろな　葉　生,1.4,1.8,0.4,3
799,おおさかしろな　葉　ゆで,1.6,2.2,0.9,3
800,おおさかしろな　塩漬,1.3,3.1,1.4,3
801,おかひじき　茎葉　生,1.4,2.5,0.9,3
802,おかひじき　茎葉　ゆで,1.2,2.7,1.1,3
803,オクラ　果実　生,2.1,5.0,1.6,3
804,オクラ　果実　ゆで,2.1,5.2,2.4,3
805,かぶ　葉　生,2.3,2.9,1,3
806,かぶ　葉　ゆで,2.3,3.7,0.7,3
807,かぶ　根　皮つき　生,0.7,1.5,3.1,3
808,かぶ　根　皮つき　ゆで,0.7,1.8,2.9,3
809,かぶ　根　皮なし　生,0.6,1.4,3.4,3
810,かぶ　根　皮なし　ゆで,0.6,1.7,3.3,3
811,かぶ　漬物　塩漬　葉,2.3,3.6,2.4,3
812,かぶ　漬物　塩漬　根　皮つき,1.0,1.9,3,3
813,かぶ　漬物　塩漬　根　皮なし,0.8,2.0,2.7,3
814,かぶ　漬物　ぬかみそ漬　葉,3.3,4.0,3.1,3
815,かぶ　漬物　ぬかみそ漬　根　皮つき,1.5,2.0,3.9,3
816,かぶ　漬物　ぬかみそ漬　根　皮なし,1.4,1.8,5.1,3
817,（かぼちゃ類）　日本かぼちゃ　果実　生,1.6,2.8,8.1,3
818,（かぼちゃ類）　日本かぼちゃ　果実　ゆで,1.9,3.6,9.7,3
819,（かぼちゃ類）　西洋かぼちゃ　果実　生,1.9,3.5,17.1,3
820,（かぼちゃ類）　西洋かぼちゃ　果実　ゆで,1.6,4.1,17.2,3
821,（かぼちゃ類）　西洋かぼちゃ　果実　焼き,2.5,5.3,22.4,3
822,（かぼちゃ類）　西洋かぼちゃ　果実　冷凍,2.2,4.2,14.3,3
823,（かぼちゃ類）　そうめんかぼちゃ　果実　生,0.7,1.5,4.6,3
824,からしな　葉　生,3.3,3.7,1,3
825,からしな　塩漬,4.0,5.0,2.2,3
826,カリフラワー　花序　生,3.0,2.9,2.3,3
827,カリフラワー　花序　ゆで,2.7,3.2,1.9,3
828,かんぴょう　乾,6.3,30.1,38,3
829,かんぴょう　ゆで,0.7,5.3,1.9,3
830,かんぴょう　甘煮,2.3,5.5,31,3
831,きく　花びら　生,1.4,3.4,3.1,3
832,きく　花びら　ゆで,1.0,2.9,2.8,3
833,きく　菊のり,11.6,29.6,43.9,3
834,（キャベツ類）　キャベツ　結球葉　生,1.3,1.8,3.4,3
835,（キャベツ類）　キャベツ　結球葉　ゆで,0.9,2.0,2.6,3
836,（キャベツ類）　キャベツ　結球葉　油いため,1.6,2.2,3.7,3
837,（キャベツ類）　グリーンボール　結球葉　生,1.4,1.6,2.7,3
838,（キャベツ類）　レッドキャベツ　結球葉　生,2.0,2.8,3.9,3
839,きゅうり　果実　生,1.0,1.1,1.9,3
840,きゅうり　漬物　塩漬,1.0,1.3,2.4,3
841,きゅうり　漬物　しょうゆ漬,3.2,3.4,7.4,3
842,きゅうり　漬物　ぬかみそ漬,1.5,1.5,4.7,3
843,きゅうり　漬物　ピクルス　スイート型,0.3,1.7,16.6,3
844,きゅうり　漬物　ピクルス　サワー型,1.4,1.4,1.1,3
845,ぎょうじゃにんにく　葉　生,3.5,3.3,3.3,3
846,キンサイ　茎葉　生,1.1,2.5,1,3
847,キンサイ　茎葉　ゆで,1.1,2.9,0.6,3
848,クレソン　茎葉　生,2.1,2.5,0,3
849,くわい　塊茎　生,6.3,2.4,24.2,3
850,くわい　塊茎　ゆで,6.2,2.8,24.4,3
851,ケール　葉　生,2.1,3.7,1.9,3
852,コールラビ　球茎　生,1.0,1.9,3.2,3
853,コールラビ　球茎　ゆで,1.0,2.3,2.9,3
854,こごみ　若芽　生,3.0,5.2,0.1,3
855,ごぼう　根　生,1.8,5.7,9.7,3
856,ごぼう　根　ゆで,1.5,6.1,7.6,3
857,こまつな　葉　生,1.5,1.9,0.5,3
858,こまつな　葉　ゆで,1.6,2.4,0.6,3
859,コリアンダー　葉　生,1.4,4.2,0.4,3
860,ザーサイ　漬物,2.5,4.6,0,3
861,さんとうさい　葉　生,1.0,2.2,0.5,3
862,さんとうさい　葉　ゆで,1.4,2.5,0.4,3
863,さんとうさい　塩漬,1.5,3.0,1,3
864,しかくまめ　若ざや　生,2.4,3.2,0.6,3
865,ししとう　果実　生,1.9,3.6,2.1,3
866,ししとう　果実　油いため,1.9,3.6,2.2,3
867,しそ　葉　生,3.9,7.3,0.2,3
868,しそ　実　生,3.4,8.9,0,3
869,じゅうろくささげ　若ざや　生,2.5,4.2,0.6,3
870,じゅうろくささげ　若ざや　ゆで,2.8,4.5,1.7,3
871,しゅんぎく　葉　生,2.3,3.2,0.7,3
872,しゅんぎく　葉　ゆで,2.7,3.7,0.8,3
873,じゅんさい　若葉　水煮びん詰,0.4,1.0,0,3
874,（しょうが類）　葉しょうが　根茎　生,0.5,1.6,0.5,3
875,（しょうが類）　しょうが　根茎　皮なし　生,0.9,2.1,4.5,3
876,（しょうが類）　しょうが　根茎　皮なし　生　おろし,0.7,7.4,8.6,3
877,（しょうが類）　しょうが　根茎　皮なし　生　おろし汁,0.4,0.3,3.2,3
878,（しょうが類）　しょうが　漬物　酢漬,0.3,2.2,1.7,3
879,（しょうが類）　しょうが　漬物　甘酢漬,0.2,1.8,8.9,3
880,（しょうが類）　新しょうが　根茎　生,0.3,1.9,0.8,3
881,しろうり　果実　生,0.9,1.2,2.1,3
882,しろうり　漬物　塩漬,1.0,2.2,1.5,3
883,しろうり　漬物　奈良漬,4.6,2.6,37.4,3
884,ずいき　生ずいき　生,0.5,1.6,2.5,3
885,ずいき　生ずいき　ゆで,0.4,2.1,1,3
886,ずいき　干しずいき　乾,6.6,25.8,37.7,3
887,ずいき　干しずいき　ゆで,0.5,3.1,0.3,3
888,すいぜんじな　葉　生,0.6,4.0,0.6,3
889,すぐきな　葉　生,1.9,4.0,1.4,3
890,すぐきな　根　生,0.6,1.7,3,3
891,すぐきな　すぐき漬,2.6,5.2,0.9,3
892,ズッキーニ　果実　生,1.3,1.3,1.5,3
893,せり　茎葉　生,2.0,2.5,0.8,3
894,せり　茎葉　ゆで,2.1,2.8,0.6,3
895,セロリ　葉柄　生,0.4,1.5,2.1,3
896,ぜんまい　生ぜんまい　若芽　生,1.7,3.8,2.8,3
897,ぜんまい　生ぜんまい　若芽　ゆで,1.1,3.5,0.6,3
898,ぜんまい　干しぜんまい　干し若芽　乾,14.6,34.8,36,3
899,ぜんまい　干しぜんまい　干し若芽　ゆで,1.7,5.2,1.6,3
900,そらまめ　未熟豆　生,10.9,2.6,12.9,3
901,そらまめ　未熟豆　ゆで,10.5,4.0,12.9,3
902,タアサイ　葉　生,1.3,1.9,0.3,3
903,タアサイ　葉　ゆで,1.1,2.1,0.2,3
904,（だいこん類）　かいわれだいこん　芽ばえ　生,2.1,1.9,1.4,3
905,（だいこん類）　葉だいこん　葉　生,2.0,2.6,0.7,3
906,（だいこん類）　だいこん　葉　生,2.2,4.0,1.3,3
907,（だいこん類）　だいこん　葉　ゆで,2.2,3.6,1.8,3
908,（だいこん類）　だいこん　根　皮つき　生,0.5,1.4,2.7,3
909,（だいこん類）　だいこん　根　皮つき　ゆで,0.4,1.6,2.9,3
910,（だいこん類）　だいこん　根　皮なし　生,0.4,1.3,2.8,3
911,（だいこん類）　だいこん　根　皮なし　生　おろし,0.6,5.1,2.9,3
912,（だいこん類）　だいこん　根　皮なし　生　おろし汁,0.3,0.1,2.6,3
913,（だいこん類）　だいこん　根　皮なし　生　おろし水洗い,0.6,4.7,2.5,3
914,（だいこん類）　だいこん　根　皮なし　ゆで,0.5,1.7,2.3,3
915,（だいこん類）　切干しだいこん　乾,9.7,21.3,48.4,3
916,（だいこん類）　切干しだいこん　ゆで,0.9,3.7,0.4,3
917,（だいこん類）　切干しだいこん　油いため,1.5,5.6,2,3
918,（だいこん類）　漬物　いぶりがっこ,1.1,7.1,13.9,3
919,（だいこん類）　漬物　ぬかみそ漬,1.3,1.8,4.9,3
920,（だいこん類）　漬物　たくあん漬　塩押しだいこん漬,0.6,2.3,8.5,3
921,（だいこん類）　漬物　たくあん漬　干しだいこん漬,1.9,3.7,1.8,3
922,（だいこん類）　漬物　守口漬,5.3,3.3,41,3
923,（だいこん類）　漬物　べったら漬,0.4,1.6,11.5,3
924,（だいこん類）　漬物　みそ漬,2.1,2.1,9.3,3
925,（だいこん類）　漬物　福神漬,2.7,3.9,29.4,3
926,（たいさい類）　つまみな　葉　生,1.9,2.3,1.3,3
927,（たいさい類）　たいさい　葉　生,0.9,1.6,1.9,3
928,（たいさい類）　たいさい　塩漬,1.6,2.5,1.8,3
929,たかな　葉　生,1.8,2.5,1.7,3
930,たかな　たかな漬,1.9,4.0,2.2,3
931,たけのこ　若茎　生,3.6,2.8,1.5,3
932,たけのこ　若茎　ゆで,3.5,3.3,2.2,3
933,たけのこ　水煮缶詰,2.7,2.3,1.7,3
934,たけのこ　めんま　塩蔵　塩抜き,1.0,3.5,0.1,3
935,（たまねぎ類）　たまねぎ　りん茎　生,1.0,1.5,6.9,3
936,（たまねぎ類）　たまねぎ　りん茎　水さらし,0.6,1.5,4.6,3
937,（たまねぎ類）　たまねぎ　りん茎　ゆで,0.8,1.7,5.6,3
938,（たまねぎ類）　たまねぎ　りん茎　油いため,1.4,2.7,9.3,3
939,（たまねぎ類）　たまねぎ　りん茎　油いため　（あめ色たまねぎ）,3.2,0,0,3
940,（たまねぎ類）　赤たまねぎ　りん茎　生,0.9,1.7,7.3,3
941,（たまねぎ類）　葉たまねぎ　りん茎及び葉　生,1.8,3.0,4.6,3
942,たらのめ　若芽　生,4.2,4.2,0.1,3
943,たらのめ　若芽　ゆで,4.0,3.6,0.5,3
944,チコリ　若芽　生,1.0,1.1,2.8,3
945,ちぢみゆきな　葉　生,3.6,3.9,1.8,3
946,ちぢみゆきな　葉　ゆで,3.8,4.3,0.9,3
947,チンゲンサイ　葉　生,0.6,1.2,0.8,3
948,チンゲンサイ　葉　ゆで,0.9,1.5,0.9,3
949,チンゲンサイ　葉　油いため,0.8,1.4,0.8,3
950,つくし　胞子茎　生,3.5,8.1,0,3
951,つくし　胞子茎　ゆで,3.4,6.7,0,3
952,つるな　茎葉　生,1.8,2.3,0.5,3
953,つるにんじん　根　生,1.0,17.1,2.7,3
954,つるむらさき　茎葉　生,0.7,2.2,0.4,3
955,つるむらさき　茎葉　ゆで,0.9,3.1,0.1,3
956,つわぶき　葉柄　生,0.4,2.5,3.1,3
957,つわぶき　葉柄　ゆで,0.3,2.3,2.1,3
958,とうがらし　葉･果実　生,3.4,5.7,1.5,3
959,とうがらし　葉･果実　油いため,4.0,6.3,2.2,3
960,とうがらし　果実　生,3.9,10.3,6,3
961,とうがらし　果実　乾,14.7,46.4,12,3
962,とうがん　果実　生,0.5,1.3,2.5,3
963,とうがん　果実　ゆで,0.6,1.5,2.2,3
964,（とうもろこし類）　スイートコーン　未熟種子　生,3.6,3.0,13.8,3
965,（とうもろこし類）　スイートコーン　未熟種子　ゆで,3.5,3.1,15.5,3
966,（とうもろこし類）　スイートコーン　未熟種子　電子レンジ調理,4.2,3.4,15.7,3
967,（とうもろこし類）　スイートコーン　未熟種子　穂軸つき　冷凍,3.5,2.8,15.9,3
968,（とうもろこし類）　スイートコーン　未熟種子　カーネル　冷凍,2.9,4.8,15,3
969,（とうもろこし類）　スイートコーン　未熟種子　カーネル　冷凍　ゆで,2.8,6.2,12.5,3
970,（とうもろこし類）　スイートコーン　未熟種子　カーネル　冷凍　油いため,2.9,4.7,14.2,3
971,（とうもろこし類）　スイートコーン　缶詰　クリームスタイル,1.7,1.8,16.8,3
972,（とうもろこし類）　スイートコーン　缶詰　ホールカーネルスタイル,2.3,3.3,14.5,3
973,（とうもろこし類）　ヤングコーン　幼雌穂　生,2.3,2.7,3.3,3
974,（トマト類）　赤色トマト　果実　生,0.7,1.0,3.7,3
975,（トマト類）　赤色ミニトマト　果実　生,1.1,1.4,5.8,3
976,（トマト類）　黄色トマト　果実　生,1.1,1.3,1.9,3
977,（トマト類）　ドライトマト,14.2,21.7,45.6,3
978,（トマト類）　加工品　ホール　食塩無添加,0.9,1.3,3.1,3
979,（トマト類）　加工品　トマトジュース　食塩添加,0.7,0.7,3.3,3
980,（トマト類）　加工品　トマトジュース　食塩無添加,0.7,0.7,3.3,3
981,（トマト類）　加工品　ミックスジュース　食塩添加,0.6,0.7,3.6,3
982,（トマト類）　加工品　ミックスジュース　食塩無添加,0.6,0.7,3.6,3
983,トレビス　葉　生,1.1,2.0,1.9,3
984,とんぶり　ゆで,6.1,7.1,5.8,3
985,ながさきはくさい　葉　生,1.3,2.2,0.4,3
986,ながさきはくさい　葉　ゆで,2.2,2.4,1,3
987,（なす類）　なす　果実　生,1.1,2.2,2.9,3
988,（なす類）　なす　果実　ゆで,1.0,2.1,2.4,3
989,（なす類）　なす　果実　油いため,1.5,2.6,3.7,3
990,（なす類）　なす　果実　天ぷら,1.6,1.9,10.1,3
991,（なす類）　べいなす　果実　生,1.1,2.4,2.9,3
992,（なす類）　べいなす　果実　素揚げ,1.0,1.8,4.9,3
993,（なす類）　漬物　塩漬,1.4,2.7,2.5,3
994,（なす類）　漬物　ぬかみそ漬,1.7,2.7,3.4,3
995,（なす類）　漬物　こうじ漬,5.5,4.2,14,3
996,（なす類）　漬物　からし漬,2.6,4.2,26.5,3
997,（なす類）　漬物　しば漬,1.4,4.4,2.6,3
998,なずな　葉　生,4.3,5.4,1.6,3
999,（なばな類）　和種なばな　花らい・茎　生,4.4,4.2,1.6,3
1000,（なばな類）　和種なばな　花らい・茎　ゆで,4.7,4.3,0,3
1001,（なばな類）　洋種なばな　茎葉　生,4.1,3.7,2.3,3
1002,（なばな類）　洋種なばな　茎葉　ゆで,3.6,4.1,1.2,3
1003,にがうり　果実　生,1.0,2.6,1.3,3
1004,にがうり　果実　油いため,1.2,2.8,1.8,3
1005,（にら類）　にら　葉　生,1.7,2.7,1.3,3
1006,（にら類）　にら　葉　ゆで,2.6,4.3,1.4,3
1007,（にら類）　にら　葉　油いため,1.9,3.5,1.4,3
1008,（にら類）　花にら　花茎・花らい　生,1.9,2.8,3.1,3
1009,（にら類）　黄にら　葉　生,2.1,2.0,1.3,3
1010,（にんじん類）　葉にんじん　葉　生,1.1,2.7,1,3
1011,（にんじん類）　にんじん　根　皮つき　生,0.7,2.8,6.5,3
1012,（にんじん類）　にんじん　根　皮つき　ゆで,0.6,3.0,5.4,3
1013,（にんじん類）　にんじん　根　皮なし　生,0.8,2.4,6.3,3
1014,（にんじん類）　にんじん　根　皮なし　ゆで,0.7,2.8,5.7,3
1015,（にんじん類）　にんじん　根　皮なし　油いため,1.1,3.1,9.3,3
1016,（にんじん類）　にんじん　根　皮なし　素揚げ,1.0,1.1,12.8,3
1017,（にんじん類）　にんじん　根　皮　生,0.7,3.8,3.5,3
1018,（にんじん類）　にんじん　根　冷凍,0.8,4.1,4.1,3
1019,（にんじん類）　にんじん　根　冷凍　ゆで,0.7,3.5,3.5,3
1020,（にんじん類）　にんじん　根　冷凍　油いため,0.9,4.2,5.1,3
1021,（にんじん類）　にんじん　グラッセ,0.7,2.6,10.1,3
1022,（にんじん類）　にんじん　ジュース　缶詰,0.6,0.2,6.5,3
1023,（にんじん類）　きんとき　根　皮つき　生,1.8,3.9,5.7,3
1024,（にんじん類）　きんとき　根　皮つき　ゆで,1.9,4.3,4.9,3
1025,（にんじん類）　きんとき　根　皮なし　生,1.8,3.6,6.1,3
1026,（にんじん類）　きんとき　根　皮なし　ゆで,1.9,4.1,5.5,3
1027,（にんじん類）　ミニキャロット　根　生,0.7,2.7,4.8,3
1028,（にんにく類）　にんにく　りん茎　生,6.4,6.2,21.3,3
1029,（にんにく類）　にんにく　りん茎　油いため,8.2,6.8,23.8,3
1030,（にんにく類）　茎にんにく　花茎　生,1.9,3.8,6.8,3
1031,（にんにく類）　茎にんにく　花茎　ゆで,1.7,3.8,6.9,3
1032,（ねぎ類）　根深ねぎ　葉　軟白　生,1.4,2.5,5.8,3
1033,（ねぎ類）　根深ねぎ　葉　軟白　ゆで,1.3,2.5,4.3,3
1034,（ねぎ類）　根深ねぎ　葉　軟白　油いため,1.6,2.7,6.8,3
1035,（ねぎ類）　葉ねぎ　葉　生,1.9,3.2,3.3,3
1036,（ねぎ類）　葉ねぎ　葉　油いため,2.1,3.9,4,3
1037,（ねぎ類）　こねぎ　葉　生,2.0,2.5,2.9,3
1038,のざわな　葉　生,0.9,2.0,1.5,3
1039,のざわな　漬物　塩漬,1.2,2.5,1.6,3
1040,のざわな　漬物　調味漬,1.7,3.1,2.3,3
1041,のびる　りん茎葉　生,3.2,6.9,8.6,3
1042,はくさい　結球葉　生,0.8,1.3,1.9,3
1043,はくさい　結球葉　ゆで,0.9,1.4,1.5,3
1044,はくさい　漬物　塩漬,1.5,1.8,1.5,3
1045,はくさい　漬物　キムチ,2.3,2.2,3.2,3
1046,パクチョイ　葉　生,1.6,1.8,0.9,3
1047,バジル　葉　生,2.0,4.0,0,3
1048,パセリ　葉　生,4.0,6.8,1,3
1049,はつかだいこん　根　生,0.8,1.2,1.9,3
1050,はなっこりー　生,3.6,3.1,2.3,3
1051,はやとうり　果実　白色種　生,0.6,1.2,3.7,3
1052,はやとうり　果実　白色種　塩漬,0.6,1.6,2.8,3
1053,はやとうり　果実　緑色種　生,0.6,1.2,3.7,3
1054,ビーツ　根　生,1.6,2.7,6.6,3
1055,ビーツ　根　ゆで,1.5,2.9,7.3,3
1056,（ピーマン類）　青ピーマン　果実　生,0.9,2.3,2.8,3
1057,（ピーマン類）　青ピーマン　果実　油いため,0.9,2.4,3,3
1058,（ピーマン類）　赤ピーマン　果実　生,1.0,1.6,5.6,3
1059,（ピーマン類）　赤ピーマン　果実　油いため,1.0,1.6,6,3
1060,（ピーマン類）　オレンジピーマン　果実　生,0.9,1.8,2.4,3
1061,（ピーマン類）　オレンジピーマン　果実　油いため,1.1,0,0,3
1062,（ピーマン類）　黄ピーマン　果実　生,0.8,1.3,5.3,3
1063,（ピーマン類）　黄ピーマン　果実　油いため,0.8,1.3,5.6,3
1064,（ピーマン類）　トマピー　果実　生,1.0,1.6,5.9,3
1065,ひのな　根・茎葉　生,1.0,3.0,1.7,3
1066,ひのな　根・茎葉　甘酢漬,1.4,4.7,12.6,3
1067,ひろしまな　葉　生,1.5,2.4,1.8,3
1068,ひろしまな　塩漬,1.2,2.4,0.9,3
1069,（ふき類）　ふき　葉柄　生,0.3,1.3,1.7,3
1070,（ふき類）　ふき　葉柄　ゆで,0.3,1.1,0.8,3
1071,（ふき類）　ふきのとう　花序　生,2.5,6.4,3.6,3
1072,（ふき類）　ふきのとう　花序　ゆで,2.5,4.2,2.8,3
1073,ふじまめ　若ざや　生,2.5,4.4,3,3
1074,ふだんそう　葉　生,2.0,3.3,0.4,3
1075,ふだんそう　葉　ゆで,2.8,3.8,1.6,3
1076,ブロッコリー　花序　生,5.4,5.1,1.5,3
1077,ブロッコリー　花序　ゆで,3.9,4.3,0.9,3
1078,ブロッコリー　花序　電子レンジ調理,5.7,0,0,3
1079,ブロッコリー　花序　焼き,9.9,0,0,3
1080,ブロッコリー　花序　油いため,6.9,0,0,3
1081,ブロッコリー　芽ばえ　生,1.9,1.8,0.8,3
1082,へちま　果実　生,0.8,1.0,2.8,3
1083,へちま　果実　ゆで,1.6,1.5,2.2,3
1084,ほうれんそう　葉　通年平均　生,2.2,2.8,0.3,3
1085,ほうれんそう　葉　通年平均　ゆで,2.6,3.6,0.4,3
1086,ほうれんそう　葉　通年平均　油いため,3.8,4.6,0.2,3
1087,ほうれんそう　葉　夏採り　生,2.2,2.8,0.3,3
1088,ほうれんそう　葉　夏採り　ゆで,2.6,3.6,0.4,3
1089,ほうれんそう　葉　冬採り　生,2.2,2.8,0.3,3
1090,ほうれんそう　葉　冬採り　ゆで,2.6,3.6,0.4,3
1091,ほうれんそう　葉　冷凍,2.9,3.3,0.1,3
1092,ほうれんそう　葉　冷凍　ゆで,3.7,4.8,1,3
1093,ほうれんそう　葉　冷凍　油いため,4.0,4.1,1.3,3
1094,ホースラディシュ　根茎　生,3.1,8.2,9.5,3
1095,まこも　茎　生,1.3,2.3,2.1,3
1096,みずかけな　葉　生,2.9,2.8,1.9,3
1097,みずかけな　塩漬,4.9,4.0,1.7,3
1098,みずな　葉　生,2.2,3.0,1.8,3
1099,みずな　葉　ゆで,2.0,3.6,1.1,3
1100,みずな　塩漬,2.0,3.5,2.4,3
1101,（みつば類）　切りみつば　葉　生,1.0,2.5,1.5,3
1102,（みつば類）　切りみつば　葉　ゆで,0.9,2.7,0.6,3
1103,（みつば類）　根みつば　葉　生,1.9,2.9,1.2,3
1104,（みつば類）　根みつば　葉　ゆで,2.3,3.3,0.6,3
1105,（みつば類）　糸みつば　葉　生,0.9,2.3,0.6,3
1106,（みつば類）　糸みつば　葉　ゆで,1.1,3.0,1,3
1107,みぶな　葉　生,1.1,1.8,1.1,3
1108,（みょうが類）　みょうが　花穂　生,0.9,2.1,0.5,3
1109,（みょうが類）　みょうがたけ　茎葉　生,0.4,1.1,0.4,3
1110,むかご　肉芽　生,2.9,4.2,16.4,3
1111,めキャベツ　結球葉　生,5.7,5.5,4.4,3
1112,めキャベツ　結球葉　ゆで,5.3,5.2,4.6,3
1113,めたで　芽ばえ　生,3.0,6.3,2.5,3
1114,（もやし類）　アルファルファもやし　生,1.6,1.4,0.6,3
1115,（もやし類）　だいずもやし　生,3.7,2.3,0,3
1116,（もやし類）　だいずもやし　ゆで,2.9,2.2,0,3
1117,（もやし類）　ブラックマッペもやし　生,2.2,1.5,1.3,3
1118,（もやし類）　ブラックマッペもやし　ゆで,1.3,1.6,1.1,3
1119,（もやし類）　ブラックマッペもやし　油いため,2.3,0,0,3
1120,（もやし類）　りょくとうもやし　生,1.7,1.3,1.3,3
1121,（もやし類）　りょくとうもやし　ゆで,1.6,1.5,0.8,3
1122,モロヘイヤ　茎葉　生,4.8,5.9,0.4,3
1123,モロヘイヤ　茎葉　ゆで,3.0,3.5,0.5,3
1124,やぶまめ　生,15.5,9.8,19.7,3
1125,やまごぼう　みそ漬,4.1,7.0,8.6,3
1126,ゆりね　りん茎　生,3.8,5.4,22.9,3
1127,ゆりね　りん茎　ゆで,3.4,6.0,22.7,3
1128,ようさい　茎葉　生,2.2,3.1,0,3
1129,ようさい　茎葉　ゆで,2.2,3.4,0.7,3
1130,よめな　葉　生,3.4,7.8,2.2,3
1131,よもぎ　葉　生,5.2,7.8,0.9,3
1132,よもぎ　葉　ゆで,4.8,7.8,0.4,3
1133,らっかせい　未熟豆　生,12.0,4.0,8.4,3
1134,らっかせい　未熟豆　ゆで,11.9,4.2,8.1,3
1135,（らっきょう類）　らっきょう　りん茎　生,1.4,20.7,8.6,3
1136,（らっきょう類）　らっきょう　甘酢漬,0.4,2.9,26.5,3
1137,（らっきょう類）　エシャレット　りん茎　生,2.3,11.4,6.4,3
1138,リーキ　りん茎葉　生,1.6,2.5,4.4,3
1139,リーキ　りん茎葉　ゆで,1.3,2.6,4.2,3
1140,ルッコラ　葉　生,1.9,2.6,0.5,3
1141,ルバーブ　葉柄　生,0.7,2.5,3.5,3
1142,ルバーブ　葉柄　ゆで,0.5,2.9,1.7,3
1143,（レタス類）　レタス　土耕栽培　結球葉　生,0.6,1.1,1.7,3
1144,（レタス類）　レタス　水耕栽培　結球葉　生,0.8,1.1,1.8,3
1145,（レタス類）　サラダな　葉　生,1.0,1.8,0.9,3
1146,（レタス類）　リーフレタス　葉　生,1.4,1.9,1.4,3
1147,（レタス類）　サニーレタス　葉　生,1.2,2.0,1.2,3
1148,（レタス類）　サンチュ　葉　生,1.2,2.0,0.5,3
1149,（レタス類）　コスレタス　葉　生,1.2,1.9,1.5,3
1150,れんこん　根茎　生,1.9,2.0,13.5,3
1151,れんこん　根茎　ゆで,1.3,2.3,13.8,3
1152,れんこん　甘酢れんこん,0.6,2.3,14.2,3
1153,わけぎ　葉　生,1.6,2.8,4.6,3
1154,わけぎ　葉　ゆで,1.9,3.1,3.8,3
1155,わさび　根茎　生,5.6,4.4,14,3
1156,わさび　わさび漬,7.1,2.7,25.3,3
1157,わらび　生わらび　生,2.4,3.6,0.4,3
1158,わらび　生わらび　ゆで,1.5,3.0,0,3
1159,わらび　干しわらび　乾,20.0,58.0,3.4,3
1160,（その他）　ミックスベジタブル　冷凍,3.0,5.9,9.2,3
1161,（その他）　ミックスベジタブル　冷凍　ゆで,3.1,6.5,8.1,3
1162,（その他）　ミックスベジタブル　冷凍　油いため,3.3,5.9,9.8,3
1163,（その他）　野菜ミックスジュース　通常タイプ,0.8,0.9,3.8,3
1164,（その他）　野菜ミックスジュース　濃縮タイプ,1.0,1.0,6.8,3
1165,＜いも類＞　アメリカほどいも　塊根　生,5.9,11.1,24.5,4
1166,＜いも類＞　アメリカほどいも　塊根　ゆで,6.0,8.4,26.1,4
1167,＜いも類＞　きくいも　塊茎　生,1.9,1.9,12.8,4
1168,＜いも類＞　きくいも　塊茎　水煮,1.6,2.1,9.2,4
1169,＜いも類＞　こんにゃく　精粉,3.0,79.9,5.4,4
1170,＜いも類＞　こんにゃく　板こんにゃく　精粉こんにゃく,0.1,2.2,0.1,4
1171,＜いも類＞　こんにゃく　板こんにゃく　生いもこんにゃく,0.1,3.0,0.3,4
1172,＜いも類＞　こんにゃく　赤こんにゃく,0.1,2.3,0.2,4
1173,＜いも類＞　こんにゃく　凍みこんにゃく　乾,3.3,71.3,5.8,4
1174,＜いも類＞　こんにゃく　凍みこんにゃく　ゆで,0.7,15.5,1.3,4
1175,＜いも類＞　こんにゃく　しらたき,0.2,2.9,0.1,4
1176,＜いも類＞　（さつまいも類）　さつまいも　塊根　皮つき　生,0.9,2.8,30.3,4
1177,＜いも類＞　（さつまいも類）　さつまいも　塊根　皮つき　蒸し,0.9,3.8,29.9,4
1178,＜いも類＞　（さつまいも類）　さつまいも　塊根　皮つき　天ぷら,1.4,3.1,35.3,4
1179,＜いも類＞　（さつまいも類）　さつまいも　塊根　皮なし　生,1.2,2.2,29.7,4
1180,＜いも類＞　（さつまいも類）　さつまいも　塊根　皮なし　蒸し,1.2,2.3,29.6,4
1181,＜いも類＞　（さつまいも類）　さつまいも　塊根　皮なし　焼き,1.4,3.5,35.5,4
1182,＜いも類＞　（さつまいも類）　さつまいも　蒸し切干,3.1,5.9,66,4
1183,＜いも類＞　（さつまいも類）　むらさきいも　塊根　皮なし　生,1.2,2.5,29.2,4
1184,＜いも類＞　（さつまいも類）　むらさきいも　塊根　皮なし　蒸し,1.2,3.0,28.4,4
1185,＜いも類＞　（さといも類）　さといも　球茎　生,1.5,2.3,10.8,4
1186,＜いも類＞　（さといも類）　さといも　球茎　水煮,1.5,2.4,11,4
1187,＜いも類＞　（さといも類）　さといも　球茎　冷凍,2.2,2.0,14.1,4
1188,＜いも類＞　（さといも類）　セレベス　球茎　生,2.2,2.3,17.5,4
1189,＜いも類＞　（さといも類）　セレベス　球茎　水煮,2.1,2.2,16.9,4
1190,＜いも類＞　（さといも類）　たけのこいも　球茎　生,1.7,2.8,20.7,4
1191,＜いも類＞　（さといも類）　たけのこいも　球茎　水煮,1.6,2.4,19.4,4
1192,＜いも類＞　（さといも類）　みずいも　球茎　生,0.7,2.2,25.4,4
1193,＜いも類＞　（さといも類）　みずいも　球茎　水煮,0.7,2.5,23.6,4
1194,＜いも類＞　（さといも類）　やつがしら　球茎　生,3.0,2.8,17.7,4
1195,＜いも類＞　（さといも類）　やつがしら　球茎　水煮,2.7,2.8,17.2,4
1196,＜いも類＞　じゃがいも　塊茎　皮つき　生,1.8,9.8,6.1,4
1197,＜いも類＞　じゃがいも　塊茎　皮つき　電子レンジ調理,2.1,3.9,15.3,4
1198,＜いも類＞　じゃがいも　塊茎　皮つき　フライドポテト　（生を揚げたもの）,2.7,4.3,21.1,4
1199,＜いも類＞　じゃがいも　塊茎　皮なし　生,1.8,8.9,8.4,4
1200,＜いも類＞　じゃがいも　塊茎　皮なし　水煮,1.7,3.1,13.8,4
1201,＜いも類＞　じゃがいも　塊茎　皮なし　蒸し,1.9,3.5,14.6,4
1202,＜いも類＞　じゃがいも　塊茎　皮なし　電子レンジ調理,1.9,3.5,15.5,4
1203,＜いも類＞　じゃがいも　塊茎　皮なし　フライドポテト　（生を揚げたもの）,2.7,3.9,22.3,4
1204,＜いも類＞　じゃがいも　塊茎　皮なし　フライドポテト　（市販冷凍食品を揚げたもの）,2.9,3.1,29.3,4
1205,＜いも類＞　じゃがいも　乾燥マッシュポテト,6.6,6.6,76.2,4
1206,＜いも類＞　ヤーコン　塊根　生,0.6,1.1,11.3,4
1207,＜いも類＞　ヤーコン　塊根　水煮,0.6,1.2,8.7,4
1208,＜いも類＞　（やまのいも類）　ながいも　いちょういも　塊根　生,4.5,1.4,21.2,4
1209,＜いも類＞　（やまのいも類）　ながいも　ながいも　塊根　生,2.2,1.0,12.9,4
1210,＜いも類＞　（やまのいも類）　ながいも　ながいも　塊根　水煮,2.0,1.4,11.2,4
1211,＜いも類＞　（やまのいも類）　ながいも　やまといも　塊根　生,4.5,2.5,24.6,4
1212,＜いも類＞　（やまのいも類）　じねんじょ　塊根　生,2.8,2.0,24.7,4
1213,＜いも類＞　（やまのいも類）　だいじょ　塊根　生,2.6,2.2,22.8,4
1214,＜でん粉・でん粉製品＞　（でん粉類）　おおうばゆりでん粉,0.1,0.8,82.8,4
1215,＜でん粉・でん粉製品＞　（でん粉類）　キャッサバでん粉,0.1,0,85.3,4
1216,＜でん粉・でん粉製品＞　（でん粉類）　くずでん粉,0.2,0,85.6,4
1217,＜でん粉・でん粉製品＞　（でん粉類）　米でん粉,0.2,0,89.3,4
1218,＜でん粉・でん粉製品＞　（でん粉類）　小麦でん粉,0.2,0,86,4
1219,＜でん粉・でん粉製品＞　（でん粉類）　サゴでん粉,0.1,0,86.1,4
1220,＜でん粉・でん粉製品＞　（でん粉類）　さつまいもでん粉,0.1,0,82,4
1221,＜でん粉・でん粉製品＞　（でん粉類）　じゃがいもでん粉,0.1,0,81.6,4
1222,＜でん粉・でん粉製品＞　（でん粉類）　とうもろこしでん粉,0.1,0,86.3,4
1223,＜でん粉・でん粉製品＞　（でん粉製品）　くずきり　乾,0.2,0.9,86.8,4
1224,＜でん粉・でん粉製品＞　（でん粉製品）　くずきり　ゆで,0.1,0.8,32.5,4
1225,＜でん粉・でん粉製品＞　（でん粉製品）　ごま豆腐,1.5,1.0,8.1,4
1226,＜でん粉・でん粉製品＞　（でん粉製品）　タピオカパール　乾,0,0.5,87.3,4
1227,＜でん粉・でん粉製品＞　（でん粉製品）　タピオカパール　ゆで,0,0.2,15.2,4
1228,＜でん粉・でん粉製品＞　（でん粉製品）　でん粉めん　生,0.1,0.8,31.4,4
1229,＜でん粉・でん粉製品＞　（でん粉製品）　でん粉めん　乾,0.2,1.8,84.9,4
1230,＜でん粉・でん粉製品＞　（でん粉製品）　でん粉めん　乾　ゆで,0,0.6,20,4
1231,＜でん粉・でん粉製品＞　（でん粉製品）　はるさめ　緑豆はるさめ　乾,0.2,4.1,83.4,4
1232,＜でん粉・でん粉製品＞　（でん粉製品）　はるさめ　緑豆はるさめ　ゆで,Tr,1.5,19.1,4
1233,＜でん粉・でん粉製品＞　（でん粉製品）　はるさめ　普通はるさめ　乾,0,1.2,85.4,4
1234,＜でん粉・でん粉製品＞　（でん粉製品）　はるさめ　普通はるさめ　ゆで,0,0.8,19.1,4
1235,えのきたけ　生,2.7,3.9,3.7,5
1236,えのきたけ　ゆで,2.8,4.5,3.3,5
1237,えのきたけ　油いため,3.0,4.6,4.2,5
1238,えのきたけ　味付け瓶詰,3.6,4.1,12.8,5
1239,（きくらげ類）　あらげきくらげ　生,0.7,5.6,0.2,5
1240,（きくらげ類）　あらげきくらげ　乾,6.9,79.5,2.5,5
1241,（きくらげ類）　あらげきくらげ　ゆで,1.2,16.3,0.2,5
1242,（きくらげ類）　あらげきくらげ　油いため,2.3,28.6,0.8,5
1243,（きくらげ類）　きくらげ　乾,7.9,57.4,13.7,5
1244,（きくらげ類）　きくらげ　ゆで,0.6,5.2,0,5
1245,（きくらげ類）　しろきくらげ　乾,4.9,68.7,5.8,5
1246,（きくらげ類）　しろきくらげ　ゆで,0.4,6.4,0.3,5
1247,くろあわびたけ　生,3.7,4.1,0.8,5
1248,しいたけ　生しいたけ　菌床栽培　生,3.1,4.9,1.5,5
1249,しいたけ　生しいたけ　菌床栽培　ゆで,2.5,4.4,0.7,5
1250,しいたけ　生しいたけ　菌床栽培　油いため,3.3,4.7,2.6,5
1251,しいたけ　生しいたけ　菌床栽培　天ぷら,3.4,4.4,13.4,5
1252,しいたけ　生しいたけ　原木栽培　生,3.1,5.5,2.1,5
1253,しいたけ　生しいたけ　原木栽培　ゆで,2.4,4.8,1.1,5
1254,しいたけ　生しいたけ　原木栽培　油いため,3.8,6.4,2.4,5
1255,しいたけ　乾しいたけ　乾,21.2,46.7,15.8,5
1256,しいたけ　乾しいたけ　ゆで,3.1,6.7,3.2,5
1257,しいたけ　乾しいたけ　甘煮,3.3,6.7,22.2,5
1258,（しめじ類）　はたけしめじ　生,2.6,2.7,1.8,5
1259,（しめじ類）　はたけしめじ　ゆで,2.6,4.6,0.5,5
1260,（しめじ類）　ぶなしめじ　生,2.7,3.5,1.3,5
1261,（しめじ類）　ぶなしめじ　ゆで,2.7,4.2,1,5
1262,（しめじ類）　ぶなしめじ　油いため,3.0,4.3,0.5,5
1263,（しめじ類）　ぶなしめじ　素揚げ,3.9,6.2,3.9,5
1264,（しめじ類）　ぶなしめじ　天ぷら,3.4,4.8,18.4,5
1265,（しめじ類）　ほんしめじ　生,2.5,1.9,0.9,5
1266,（しめじ類）　ほんしめじ　ゆで,2.8,3.3,0.8,5
1267,たもぎたけ　生,3.6,3.3,0.4,5
1268,なめこ　株採り　生,1.8,3.4,2,5
1269,なめこ　株採り　ゆで,1.6,2.8,2.3,5
1270,なめこ　カットなめこ　生,1.1,1.9,1.7,5
1271,なめこ　水煮缶詰,1.0,2.5,0.7,5
1272,ぬめりすぎたけ　生,2.3,2.5,1.6,5
1273,（ひらたけ類）　うすひらたけ　生,6.1,3.8,1,5
1274,（ひらたけ類）　エリンギ　生,2.8,3.4,2.6,5
1275,（ひらたけ類）　エリンギ　ゆで,3.2,4.8,1.7,5
1276,（ひらたけ類）　エリンギ　焼き,4.2,5.4,3.7,5
1277,（ひらたけ類）　エリンギ　油いため,3.2,4.2,3.9,5
1278,（ひらたけ類）　ひらたけ　生,3.3,2.6,3.6,5
1279,（ひらたけ類）　ひらたけ　ゆで,3.4,3.7,2.9,5
1280,まいたけ　生,2.0,3.5,0.9,5
1281,まいたけ　ゆで,1.6,4.3,2.1,5
1282,まいたけ　油いため,2.6,4.7,2.1,5
1283,まいたけ　乾,21.9,40.9,19,5
1284,マッシュルーム　生,2.9,2.0,0.1,5
1285,マッシュルーム　ゆで,3.8,3.3,0.4,5
1286,マッシュルーム　油いため,3.6,3.4,1.1,5
1287,マッシュルーム　水煮缶詰,3.4,3.2,0.1,5
1288,まつたけ　生,2.0,4.7,3.5,5
1289,やなぎまつたけ　生,2.4,3.0,1,5
1290,あおさ　素干し,22.1,29.1,12.6,6
1291,あおのり　素干し,29.4,35.2,5.8,6
1292,あまのり　ほしのり,39.4,31.2,7.5,6
1293,あまのり　焼きのり,41.4,36.0,8.3,6
1294,あまのり　味付けのり,40.0,25.2,16.6,6
1295,あらめ　蒸し干し,12.4,48.0,8.2,6
1296,いわのり　素干し,34.8,36.4,2.7,6
1297,うみぶどう　生,0.5,0.8,0.4,6
1298,えごのり　素干し,9.0,53.3,8.9,6
1299,えごのり　おきうと,0.3,2.5,0,6
1300,おごのり　塩蔵　塩抜き,1.3,7.5,1.3,6
1301,かわのり　素干し,38.1,41.7,0,6
1302,（こんぶ類）　えながおにこんぶ　素干し,11.0,24.9,30.8,6
1303,（こんぶ類）　がごめこんぶ　素干し,7.9,34.2,27.9,6
1304,（こんぶ類）　ながこんぶ　素干し,8.3,36.8,21.7,6
1305,（こんぶ類）　ほそめこんぶ　素干し,6.9,32.9,30,6
1306,（こんぶ類）　まこんぶ　素干し　乾,5.8,32.1,32.2,6
1307,（こんぶ類）　まこんぶ　素干し　水煮,1.1,8.7,2.9,6
1308,（こんぶ類）　みついしこんぶ　素干し,7.7,34.8,29.9,6
1309,（こんぶ類）　りしりこんぶ　素干し,8.0,31.4,25.1,6
1310,（こんぶ類）　刻み昆布,5.4,39.1,6.9,6
1311,（こんぶ類）　削り昆布,6.5,28.2,22,6
1312,（こんぶ類）　塩昆布,16.9,13.1,23.9,6
1313,（こんぶ類）　つくだ煮,6.0,6.8,26.5,6
1314,すいぜんじのり　素干し　水戻し,1.5,2.1,0,6
1315,てんぐさ　素干し,16.1,47.3,6.5,6
1316,てんぐさ　ところてん,0.2,0.6,0,6
1317,てんぐさ　角寒天,2.4,74.1,0,6
1318,てんぐさ　寒天,Tr,1.5,0,6
1319,てんぐさ　粉寒天,0.2,79.0,2.7,6
1320,とさかのり　赤とさか　塩蔵　塩抜き,1.5,4.0,1.1,6
1321,とさかのり　青とさか　塩蔵　塩抜き,0.9,4.1,0.8,6
1322,ひじき　ほしひじき　ステンレス釜　乾,9.2,51.8,6.6,6
1323,ひじき　ほしひじき　ステンレス釜　ゆで,0.7,3.7,0.3,6
1324,ひじき　ほしひじき　ステンレス釜　油いため,0.8,4.5,0.4,6
1325,ひじき　ほしひじき　鉄釜　乾,9.2,51.8,4.2,6
1326,ひじき　ほしひじき　鉄釜　ゆで,0.7,3.7,0.3,6
1327,ひじき　ほしひじき　鉄釜　油いため,0.8,4.5,0.4,6
1328,ひとえぐさ　素干し,16.6,44.2,2.1,6
1329,ひとえぐさ　つくだ煮,14.4,4.1,17,6
1330,ふのり　素干し,13.8,43.1,14.7,6
1331,まつも　素干し,27.9,28.5,12.3,6
1332,むかでのり　塩蔵　塩抜き,0.6,4.2,0,6
1333,（もずく類）　おきなわもずく　塩蔵　塩抜き,0.3,2.0,0,6
1334,（もずく類）　もずく　塩蔵　塩抜き,0.2,1.4,0,6
1335,わかめ　原藻　生,1.9,3.6,2,6
1336,わかめ　乾燥わかめ　素干し,13.6,32.7,8.6,6
1337,わかめ　乾燥わかめ　素干し　水戻し,2.0,5.8,0.1,6
1338,わかめ　乾燥わかめ　板わかめ,16.7,31.7,15.7,6
1339,わかめ　乾燥わかめ　灰干し　水戻し,1.1,2.2,0,6
1340,わかめ　カットわかめ　乾,17.9,39.2,2.9,6
1341,わかめ　カットわかめ　水煮　（沸騰水で短時間加熱したもの）,1.3,3.2,0.6,6
1342,わかめ　カットわかめ　水煮の汁,0,0,0.1,6
1343,わかめ　湯通し塩蔵わかめ　塩抜き　生,1.5,3.2,0.2,6
1344,わかめ　湯通し塩蔵わかめ　塩抜き　ゆで,0.6,1.1,0.3,6
1345,わかめ　くきわかめ　湯通し塩蔵　塩抜き,1.1,5.1,0.4,6
1346,わかめ　めかぶわかめ　生,0.9,3.4,0,6
1347,あずき　全粒　乾,20.8,24.8,34.8,7
1348,あずき　全粒　ゆで,8.6,12.1,13.5,7
1349,あずき　ゆで小豆缶詰,4.4,3.4,45.8,7
1350,あずき　あん　こし生あん,9.8,6.8,20.3,7
1351,あずき　あん　さらしあん　（乾燥あん）,23.5,26.8,40,7
1352,あずき　あん　こし練りあん　（並あん）,5.6,3.9,54.9,7
1353,あずき　あん　こし練りあん　（中割りあん）,5.1,3.5,57.6,7
1354,あずき　あん　こし練りあん　（もなかあん）,5.1,3.5,65.1,7
1355,あずき　あん　つぶし練りあん,5.6,5.7,48.3,7
1356,いんげんまめ　全粒　乾,22.1,19.6,36.8,7
1357,いんげんまめ　全粒　ゆで,9.3,13.6,10.9,7
1358,いんげんまめ　うずら豆,6.7,5.9,43.7,7
1359,いんげんまめ　こし生あん,9.4,8.5,18.5,7
1360,いんげんまめ　豆きんとん,4.9,4.8,51.4,7
1361,えんどう　全粒　青えんどう　乾,21.7,17.4,43,7
1362,えんどう　全粒　青えんどう　ゆで,9.2,7.7,17.5,7
1363,えんどう　全粒　赤えんどう　乾,21.7,17.4,43,7
1364,えんどう　全粒　赤えんどう　ゆで,9.2,7.7,17.5,7
1365,えんどう　グリンピース（揚げ豆）,20.8,19.6,39.2,7
1366,えんどう　塩豆,23.3,17.9,43.6,7
1367,えんどう　うぐいす豆,5.6,5.3,47.6,7
1368,ささげ　全粒　乾,23.9,18.4,36.6,7
1369,ささげ　全粒　ゆで,10.2,10.7,13.1,7
1370,そらまめ　全粒　乾,26.0,9.3,46.6,7
1371,そらまめ　フライビーンズ,24.7,14.9,31.5,7
1372,そらまめ　おたふく豆,7.9,5.9,46.3,7
1373,そらまめ　ふき豆,9.6,4.5,48,7
1374,そらまめ　しょうゆ豆,9.8,10.1,27,7
1375,だいず　［全粒・全粒製品］　全粒　青大豆　国産　乾,33.5,20.1,10,7
1376,だいず　［全粒・全粒製品］　全粒　青大豆　国産　ゆで,15.0,8.0,1.9,7
1377,だいず　［全粒・全粒製品］　全粒　黄大豆　国産　乾,33.8,21.5,8,7
1378,だいず　［全粒・全粒製品］　全粒　黄大豆　国産　ゆで,14.8,8.5,0.1,7
1379,だいず　［全粒・全粒製品］　全粒　黄大豆　米国産　乾,33.0,15.9,12.9,7
1380,だいず　［全粒・全粒製品］　全粒　黄大豆　中国産　乾,32.8,15.6,15.2,7
1381,だいず　［全粒・全粒製品］　全粒　黄大豆　ブラジル産　乾,33.6,17.3,13.4,7
1382,だいず　［全粒・全粒製品］　全粒　黒大豆　国産　乾,33.9,20.6,8.3,7
1383,だいず　［全粒・全粒製品］　全粒　黒大豆　国産　ゆで,14.7,7.9,1.9,7
1384,だいず　［全粒・全粒製品］　いり大豆　青大豆,37.7,18.4,15.5,7
1385,だいず　［全粒・全粒製品］　いり大豆　黄大豆,37.5,19.4,13.9,7
1386,だいず　［全粒・全粒製品］　いり大豆　黒大豆,36.4,19.2,15.1,7
1387,だいず　［全粒・全粒製品］　水煮缶詰　黄大豆,12.9,6.8,0.9,7
1388,だいず　［全粒・全粒製品］　蒸し大豆　黄大豆,16.6,10.6,3.2,7
1389,だいず　［全粒・全粒製品］　きな粉　青大豆　全粒大豆,37.0,16.9,12.4,7
1390,だいず　［全粒・全粒製品］　きな粉　青大豆　脱皮大豆,36.6,20.8,7.5,7
1391,だいず　［全粒・全粒製品］　きな粉　黄大豆　全粒大豆,36.7,18.1,10.4,7
1392,だいず　［全粒・全粒製品］　きな粉　黄大豆　脱皮大豆,37.5,15.3,14.2,7
1393,だいず　［全粒・全粒製品］　きな粉（砂糖入り）　青きな粉,18.5,8.4,55.9,7
1394,だいず　［全粒・全粒製品］　きな粉（砂糖入り）　きな粉,18.3,9.0,54.9,7
1395,だいず　［全粒・全粒製品］　大豆はいが,37.8,18.8,20.7,7
1396,だいず　［全粒・全粒製品］　ぶどう豆,14.1,6.3,30.7,7
1397,だいず　［豆腐・油揚げ類］　木綿豆腐,7.0,1.1,0.4,7
1398,だいず　［豆腐・油揚げ類］　木綿豆腐　（凝固剤：塩化マグネシウム）,7.0,1.1,0.4,7
1399,だいず　［豆腐・油揚げ類］　木綿豆腐　（凝固剤：硫酸カルシウム）,7.0,1.1,0.4,7
1400,だいず　［豆腐・油揚げ類］　絹ごし豆腐,5.3,0.9,1.1,7
1401,だいず　［豆腐・油揚げ類］　絹ごし豆腐　（凝固剤：塩化マグネシウム）,5.3,0.9,1.1,7
1402,だいず　［豆腐・油揚げ類］　絹ごし豆腐　（凝固剤：硫酸カルシウム）,5.3,0.9,1.1,7
1403,だいず　［豆腐・油揚げ類］　ソフト豆腐,5.1,0.4,1.6,7
1404,だいず　［豆腐・油揚げ類］　充てん豆腐,5.0,0.3,2.2,7
1405,だいず　［豆腐・油揚げ類］　沖縄豆腐,9.1,0.5,0.2,7
1406,だいず　［豆腐・油揚げ類］　ゆし豆腐,4.3,0.3,1.4,7
1407,だいず　［豆腐・油揚げ類］　焼き豆腐,7.8,0.5,0.5,7
1408,だいず　［豆腐・油揚げ類］　生揚げ,10.7,0.7,0.2,7
1409,だいず　［豆腐・油揚げ類］　油揚げ　生,23.4,1.3,0.9,7
1410,だいず　［豆腐・油揚げ類］　油揚げ　油抜き　生,18.2,0.9,0,7
1411,だいず　［豆腐・油揚げ類］　油揚げ　油抜き　ゆで,12.4,0.6,0.3,7
1412,だいず　［豆腐・油揚げ類］　油揚げ　油抜き　焼き,24.9,1.2,0.5,7
1413,だいず　［豆腐・油揚げ類］　油揚げ　甘煮,11.2,0.5,18.6,7
1414,だいず　［豆腐・油揚げ類］　がんもどき,15.3,1.4,0.2,7
1415,だいず　［豆腐・油揚げ類］　凍り豆腐　乾,50.5,2.5,1.7,7
1416,だいず　［豆腐・油揚げ類］　凍り豆腐　水煮,10.7,0.5,0.6,7
1417,だいず　［豆腐・油揚げ類］　豆腐よう,9.5,0.8,18.3,7
1418,だいず　［豆腐・油揚げ類］　豆腐竹輪　蒸し,14.9,0.8,5.9,7
1419,だいず　［豆腐・油揚げ類］　豆腐竹輪　焼き,16.1,0.7,6.8,7
1420,だいず　［豆腐・油揚げ類］　ろくじょう豆腐,34.7,3.2,0.6,7
1421,だいず　［納豆類］　糸引き納豆,16.5,6.7,5.4,7
1422,だいず　［納豆類］　挽きわり納豆,16.6,5.9,4.6,7
1423,だいず　［納豆類］　五斗納豆,15.3,4.9,19.1,7
1424,だいず　［納豆類］　寺納豆,18.6,7.6,23.9,7
1425,だいず　［その他］　おから　生,6.1,11.5,2.3,7
1426,だいず　［その他］　おから　乾燥,23.1,43.6,8.7,7
1427,だいず　［その他］　豆乳　豆乳,3.6,0.2,2.9,7
1428,だいず　［その他］　豆乳　調製豆乳,3.2,0.3,4.5,7
1429,だいず　［その他］　豆乳　豆乳飲料・麦芽コーヒー,2.2,0.1,7.7,7
1430,だいず　［その他］　大豆たんぱく　粒状大豆たんぱく,46.3,17.8,18.9,7
1431,だいず　［その他］　大豆たんぱく　濃縮大豆たんぱく,58.2,20.9,7,7
1432,だいず　［その他］　大豆たんぱく　分離大豆たんぱく　塩分無調整タイプ,79.1,4.2,3.3,7
1433,だいず　［その他］　大豆たんぱく　分離大豆たんぱく　塩分調整タイプ,79.1,4.2,3.3,7
1434,だいず　［その他］　大豆たんぱく　繊維状大豆たんぱく,59.3,5.6,19.6,7
1435,だいず　［その他］　湯葉　生,21.8,0.8,3.3,7
1436,だいず　［その他］　湯葉　干し　乾,50.4,3.0,4.2,7
1437,だいず　［その他］　湯葉　干し　湯戻し,15.7,1.2,1.1,7
1438,だいず　［その他］　金山寺みそ,6.9,3.2,46.8,7
1439,だいず　［その他］　ひしおみそ,6.5,2.8,36,7
1440,だいず　［その他］　テンペ,15.8,10.2,5.2,7
1441,つるあずき　全粒　乾,20.8,22.0,39.8,7
1442,つるあずき　全粒　ゆで,9.7,13.4,14.1,7
1443,ひよこまめ　全粒　乾,20.0,16.3,45.2,7
1444,ひよこまめ　全粒　ゆで,9.5,11.6,15.8,7
1445,ひよこまめ　全粒　フライ　味付け,18.8,21.0,41.6,7
1446,べにばないんげん　全粒　乾,17.2,26.7,34.5,7
1447,べにばないんげん　全粒　ゆで,6.2,7.6,14.7,7
1448,やぶまめ　乾,23.4,0,0,7
1449,らいまめ　全粒　乾,21.9,19.6,41.2,7
1450,らいまめ　全粒　ゆで,9.6,10.9,15.1,7
1451,りょくとう　全粒　乾,25.1,14.6,44.5,7
1452,りょくとう　全粒　ゆで,10.2,5.2,17.3,7
1453,レンズまめ　全粒　乾,23.2,16.7,44,7
1454,レンズまめ　全粒　ゆで,11.2,9.4,19.7,7
1455,アーモンド　乾,19.6,10.1,10.8,7
1456,アーモンド　フライ　味付け,21.3,10.1,7.8,7
1457,アーモンド　いり　無塩,20.3,11.0,9.7,7
1458,あさ　乾,29.9,23.0,8.7,7
1459,あまに　いり,21.8,23.8,6.6,7
1460,えごま　乾,17.7,20.8,8.6,7
1461,カシューナッツ　フライ　味付け,19.8,6.7,20,7
1462,かぼちゃ　いり　味付け,26.5,7.3,4.7,7
1463,かや　いり,8.7,18.2,4.4,7
1464,ぎんなん　生,4.7,1.6,33.2,7
1465,ぎんなん　ゆで,4.6,2.4,33.4,7
1466,（くり類）　日本ぐり　生,2.8,4.2,32.7,7
1467,（くり類）　日本ぐり　ゆで,3.5,6.6,30.1,7
1468,（くり類）　日本ぐり　甘露煮,1.8,2.8,54,7
1469,（くり類）　中国ぐり　甘ぐり,4.9,8.5,40,7
1470,くるみ　いり,14.6,7.5,4.2,7
1471,けし　乾,19.3,16.5,5.3,7
1472,ココナッツ　ココナッツパウダー,6.1,14.1,9.6,7
1473,ごま　乾,19.8,10.8,5.7,7
1474,ごま　いり,20.3,12.6,5.9,7
1475,ごま　むき,19.3,13.0,5.8,7
1476,ごま　ねり,19.0,11.2,4.4,7
1477,しい　生,3.2,3.3,54.3,7
1478,すいか　いり　味付け,29.6,7.1,6.3,7
1479,チアシード　乾,19.4,36.9,2.4,7
1480,とち　蒸し,1.7,6.6,27.6,7
1481,はす　未熟　生,5.9,2.6,12.3,7
1482,はす　成熟　乾,18.3,10.3,54,7
1483,はす　成熟　ゆで,7.3,5.0,20,7
1484,（ひし類）　ひし　生,5.8,2.9,37.7,7
1485,（ひし類）　とうびし　生,2.7,8.2,23.2,7
1486,（ひし類）　とうびし　ゆで,2.7,5.1,25.4,7
1487,ピスタチオ　いり　味付け,17.4,9.2,11.7,7
1488,ひまわり　フライ　味付け,20.1,6.9,10.3,7
1489,ブラジルナッツ　フライ　味付け,14.9,7.2,2.4,7
1490,ヘーゼルナッツ　フライ　味付け,13.6,7.4,6.5,7
1491,ペカン　フライ　味付け,9.6,7.1,6.2,7
1492,マカダミアナッツ　いり　味付け,8.3,6.2,6,7
1493,まつ　生,15.8,4.1,6.5,7
1494,まつ　いり,14.6,6.9,1.2,7
1495,らっかせい　大粒種　乾,25.2,8.5,10.9,7
1496,らっかせい　大粒種　いり,25.0,11.4,9.9,7
1497,らっかせい　小粒種　乾,25.4,7.4,11.4,7
1498,らっかせい　小粒種　いり,26.5,7.2,12.4,7
1499,らっかせい　バターピーナッツ,23.3,9.5,8.8,7
1500,らっかせい　ピーナッツバター,20.6,7.6,17.3,7
1501,あひる卵　ピータン,13.7,0,0,8
1502,うこっけい卵　全卵　生,12.0,0,0.4,8
1503,うずら卵　全卵　生,12.6,0,0.3,8
1504,うずら卵　水煮缶詰,11.0,0,0.6,8
1505,鶏卵　全卵　生,12.2,0,0.4,8
1506,鶏卵　全卵　ゆで,12.5,0,0.3,8
1507,鶏卵　全卵　ポーチドエッグ,12.3,0,0.2,8
1508,鶏卵　全卵　目玉焼き,14.8,0,0.3,8
1509,鶏卵　全卵　いり,13.3,0,0.3,8
1510,鶏卵　全卵　素揚げ,14.3,0,0.3,8
1511,鶏卵　全卵　水煮缶詰,10.8,0,0,8
1512,鶏卵　全卵　加糖全卵,9.8,0,20.7,8
1513,鶏卵　全卵　乾燥全卵,49.1,0,0.2,8
1514,鶏卵　卵黄　生,16.5,0,0.2,8
1515,鶏卵　卵黄　ゆで,16.1,0,0.2,8
1516,鶏卵　卵黄　加糖卵黄,12.1,0,20.7,8
1517,鶏卵　卵黄　乾燥卵黄,30.3,0,0.2,8
1518,鶏卵　卵白　生,10.1,0,0.5,8
1519,鶏卵　卵白　ゆで,10.5,0,0.4,8
1520,鶏卵　卵白　乾燥卵白,86.5,0,0.2,8
1521,鶏卵　たまご豆腐,6.5,0,0.9,8
1522,鶏卵　たまご焼　厚焼きたまご,10.5,0,6.5,8
1523,鶏卵　たまご焼　だし巻きたまご,11.0,0,0.5,8
1524,＜牛乳及び乳製品＞　（液状乳類）　生乳　ジャージー種,3.9,0,4.7,8
1525,＜牛乳及び乳製品＞　（液状乳類）　生乳　ホルスタイン種,3.2,0,4.7,8
1526,＜牛乳及び乳製品＞　（液状乳類）　普通牛乳,3.3,0,4.8,8
1527,＜牛乳及び乳製品＞　（液状乳類）　脱脂乳,3.4,0,4.8,8
1528,＜牛乳及び乳製品＞　（液状乳類）　加工乳　濃厚,3.4,0,5.3,8
1529,＜牛乳及び乳製品＞　（液状乳類）　加工乳　低脂肪,3.8,0,5.5,8
1530,＜牛乳及び乳製品＞　（液状乳類）　乳児用液体ミルク,1.5,0,7.1,8
1531,＜牛乳及び乳製品＞　（液状乳類）　乳飲料　コーヒー,2.2,0,7.2,8
1532,＜牛乳及び乳製品＞　（液状乳類）　乳飲料　フルーツ,1.2,0,9.9,8
1533,＜牛乳及び乳製品＞　（粉乳類）　全粉乳,25.5,0,39.3,8
1534,＜牛乳及び乳製品＞　（粉乳類）　脱脂粉乳,34.0,0,53.3,8
1535,＜牛乳及び乳製品＞　（粉乳類）　乳児用調製粉乳,12.4,0,55.9,8
1536,＜牛乳及び乳製品＞　（練乳類）　無糖練乳,6.8,0,11.2,8
1537,＜牛乳及び乳製品＞　（練乳類）　加糖練乳,7.7,0,56,8
1538,＜牛乳及び乳製品＞　（クリーム類）　クリーム　乳脂肪,1.9,0,6.5,8
1539,＜牛乳及び乳製品＞　（クリーム類）　クリーム　乳脂肪・植物性脂肪,4.4,0,3,8
1540,＜牛乳及び乳製品＞　（クリーム類）　クリーム　植物性脂肪,1.3,0,3.3,8
1541,＜牛乳及び乳製品＞　（クリーム類）　ホイップクリーム　乳脂肪,1.8,0,12.9,8
1542,＜牛乳及び乳製品＞　（クリーム類）　ホイップクリーム　乳脂肪・植物性脂肪,4.0,0,12.9,8
1543,＜牛乳及び乳製品＞　（クリーム類）　ホイップクリーム　植物性脂肪,6.3,0,12.9,8
1544,＜牛乳及び乳製品＞　（クリーム類）　コーヒーホワイトナー　液状　乳脂肪,5.2,0,5.5,8
1545,＜牛乳及び乳製品＞　（クリーム類）　コーヒーホワイトナー　液状　乳脂肪・植物性脂肪,4.8,0,3.7,8
1546,＜牛乳及び乳製品＞　（クリーム類）　コーヒーホワイトナー　液状　植物性脂肪,4.3,0,1.8,8
1547,＜牛乳及び乳製品＞　（クリーム類）　コーヒーホワイトナー　粉末状　乳脂肪,7.6,0,60.4,8
1548,＜牛乳及び乳製品＞　（クリーム類）　コーヒーホワイトナー　粉末状　植物性脂肪,2.1,0,56.4,8
1549,＜牛乳及び乳製品＞　（発酵乳・乳酸菌飲料）　ヨーグルト　全脂無糖,3.6,0,4.9,8
1550,＜牛乳及び乳製品＞　（発酵乳・乳酸菌飲料）　ヨーグルト　低脂肪無糖,3.7,0,5.2,8
1551,＜牛乳及び乳製品＞　（発酵乳・乳酸菌飲料）　ヨーグルト　無脂肪無糖,4.0,0,5.7,8
1552,＜牛乳及び乳製品＞　（発酵乳・乳酸菌飲料）　ヨーグルト　脱脂加糖,4.3,0,11.9,8
1553,＜牛乳及び乳製品＞　（発酵乳・乳酸菌飲料）　ヨーグルト　ドリンクタイプ　加糖,2.9,0,12.2,8
1554,＜牛乳及び乳製品＞　（発酵乳・乳酸菌飲料）　乳酸菌飲料　乳製品,1.1,0,16.4,8
1555,＜牛乳及び乳製品＞　（発酵乳・乳酸菌飲料）　乳酸菌飲料　殺菌乳製品,1.5,0,52.6,8
1556,＜牛乳及び乳製品＞　（発酵乳・乳酸菌飲料）　乳酸菌飲料　非乳製品,0.4,0.2,9.8,8
1557,＜牛乳及び乳製品＞　（チーズ類）　ナチュラルチーズ　エダム,28.9,0,1.4,8
1558,＜牛乳及び乳製品＞　（チーズ類）　ナチュラルチーズ　エメンタール,27.3,0,1.6,8
1559,＜牛乳及び乳製品＞　（チーズ類）　ナチュラルチーズ　カテージ,13.3,0,1.9,8
1560,＜牛乳及び乳製品＞　（チーズ類）　ナチュラルチーズ　カマンベール,19.1,0,0.9,8
1561,＜牛乳及び乳製品＞　（チーズ類）　ナチュラルチーズ　クリーム,8.2,0,2.3,8
1562,＜牛乳及び乳製品＞　（チーズ類）　ナチュラルチーズ　ゴーダ,25.8,0,1.4,8
1563,＜牛乳及び乳製品＞　（チーズ類）　ナチュラルチーズ　チェダー,25.7,0,1.4,8
1564,＜牛乳及び乳製品＞　（チーズ類）　ナチュラルチーズ　パルメザン,44.0,0,1.9,8
1565,＜牛乳及び乳製品＞　（チーズ類）　ナチュラルチーズ　ブルー,18.8,0,1,8
1566,＜牛乳及び乳製品＞　（チーズ類）　ナチュラルチーズ　マスカルポーネ,4.4,0,4.3,8
1567,＜牛乳及び乳製品＞　（チーズ類）　ナチュラルチーズ　モッツァレラ,18.4,0,4.2,8
1568,＜牛乳及び乳製品＞　（チーズ類）　ナチュラルチーズ　やぎ,20.6,0,2.7,8
1569,＜牛乳及び乳製品＞　（チーズ類）　ナチュラルチーズ　リコッタ,7.1,0,6.7,8
1570,＜牛乳及び乳製品＞　（チーズ類）　プロセスチーズ,22.7,0,1.3,8
1571,＜牛乳及び乳製品＞　（チーズ類）　チーズスプレッド,15.9,0,0.6,8
1572,＜牛乳及び乳製品＞　（アイスクリーム類）　アイスクリーム　高脂肪,3.5,0.1,22.3,8
1573,＜牛乳及び乳製品＞　（アイスクリーム類）　アイスクリーム　普通脂肪,3.9,0.1,23.1,8
1574,＜牛乳及び乳製品＞　（アイスクリーム類）　アイスミルク,3.4,0,23.9,8
1575,＜牛乳及び乳製品＞　（アイスクリーム類）　ラクトアイス　普通脂肪,3.1,0.1,22.1,8
1576,＜牛乳及び乳製品＞　（アイスクリーム類）　ラクトアイス　低脂肪,1.8,0,20.6,8
1577,＜牛乳及び乳製品＞　（アイスクリーム類）　ソフトクリーム,3.8,0,20.1,8
1578,＜牛乳及び乳製品＞　（その他）　カゼイン,86.2,0,0,8
1579,＜牛乳及び乳製品＞　（その他）　シャーベット,0.9,0,28.7,8
1580,＜牛乳及び乳製品＞　（その他）　チーズホエーパウダー,12.5,0,77,8
1581,＜その他＞　人乳,1.1,0,7.2,8
1582,＜その他＞　やぎ乳,3.1,0,4.5,8
1583,（植物油脂類）　あまに油,0,0,0,8
1584,（植物油脂類）　えごま油,0,0,0,8
1585,あけび　果肉　生,0.5,1.1,20.9,9
1586,あけび　果皮　生,0.3,3.1,5.5,9
1587,アサイー　冷凍　無糖,0.9,4.7,0.3,9
1588,アセロラ　酸味種　生,0.7,1.9,7.1,9
1589,アセロラ　甘味種　生,0.7,1.9,7.1,9
1590,アセロラ　果実飲料　10%果汁入り飲料,0.1,0.2,10.3,9
1591,アテモヤ　生,1.8,3.3,16.1,9
1592,アボカド　生,2.1,5.6,2.3,9
1593,あんず　生,1.0,1.6,6.9,9
1594,あんず　乾,9.2,9.8,60.6,9
1595,あんず　缶詰,0.5,0.8,18.1,9
1596,あんず　ジャム　高糖度,0.3,0.7,64.2,9
1597,あんず　ジャム　低糖度,0.4,1.2,49.3,9
1598,いちご　生,0.9,1.4,7.1,9
1599,いちご　ジャム　高糖度,0.4,1.3,62,9
1600,いちご　ジャム　低糖度,0.5,1.1,47.3,9
1601,いちご　乾,0.5,3.0,79.8,9
1602,いちじく　生,0.6,1.9,12.4,9
1603,いちじく　乾,3.0,10.7,64.6,9
1604,いちじく　缶詰,0.5,1.2,18.2,9
1605,うめ　生,0.7,2.5,5.4,9
1606,うめ　梅漬　塩漬,0.7,2.7,4,9
1607,うめ　梅漬　調味漬,1.5,3.4,7.1,9
1608,うめ　梅干し　塩漬,0.9,3.3,5.3,9
1609,うめ　梅干し　調味漬,1.5,2.5,18.6,9
1610,うめ　梅びしお,0.7,1.3,46.8,9
1611,うめ　果実飲料　20%果汁入り飲料,Tr,0.1,12.2,9
1612,オリーブ　塩漬　グリーンオリーブ,1.0,3.3,1.2,9
1613,オリーブ　塩漬　ブラックオリーブ,0.8,2.5,0.9,9
1614,オリーブ　塩漬　スタッフドオリーブ,0.8,3.7,0.5,9
1615,かき　甘がき　生,0.4,1.6,14.3,9
1616,かき　渋抜きがき　生,0.5,2.8,14.1,9
1617,かき　干しがき,1.5,14.0,57.3,9
1618,かりん　生,0.4,8.9,9.4,9
1619,（かんきつ類）　いよかん　砂じょう　生,0.9,1.1,10.7,9
1620,（かんきつ類）　うんしゅうみかん　じょうのう　早生　生,0.5,0.7,11.2,9
1621,（かんきつ類）　うんしゅうみかん　じょうのう　普通　生,0.7,1.0,11,9
1622,（かんきつ類）　うんしゅうみかん　砂じょう　早生　生,0.5,0.4,10.9,9
1623,（かんきつ類）　うんしゅうみかん　砂じょう　普通　生,0.7,0.4,11.1,9
1624,（かんきつ類）　うんしゅうみかん　果実飲料　ストレートジュース,0.5,0,10.6,9
1625,（かんきつ類）　うんしゅうみかん　果実飲料　濃縮還元ジュース,0.5,0,9.9,9
1626,（かんきつ類）　うんしゅうみかん　果実飲料　果粒入りジュース,0.2,Tr,0,9
1627,（かんきつ類）　うんしゅうみかん　果実飲料　50%果汁入り飲料,0.2,0.1,14.6,9
1628,（かんきつ類）　うんしゅうみかん　果実飲料　20%果汁入り飲料,0.1,0,12.4,9
1629,（かんきつ類）　うんしゅうみかん　缶詰　果肉,0.5,0.5,14.8,9
1630,（かんきつ類）　うんしゅうみかん　缶詰　液汁,0.3,0,15.3,9
1631,（かんきつ類）　オレンジ　ネーブル　砂じょう　生,0.9,1.0,10.8,9
1632,（かんきつ類）　オレンジ　バレンシア　米国産　砂じょう　生,1.0,0.8,9,9
1633,（かんきつ類）　オレンジ　バレンシア　果実飲料　ストレートジュース,0.8,0.3,10.7,9
1634,（かんきつ類）　オレンジ　バレンシア　果実飲料　濃縮還元ジュース,0.7,0.2,10.5,9
1635,（かんきつ類）　オレンジ　バレンシア　果実飲料　50%果汁入り飲料,0.4,0.1,10.7,9
1636,（かんきつ類）　オレンジ　バレンシア　果実飲料　30%果汁入り飲料,0.2,Tr,0,9
1637,（かんきつ類）　オレンジ　バレンシア　マーマレード　高糖度,0.2,0.7,62.5,9
1638,（かんきつ類）　オレンジ　バレンシア　マーマレード　低糖度,0.3,1.3,46.4,9
1639,（かんきつ類）　オレンジ　福原オレンジ　砂じょう　生,1.0,0.8,9,9
1640,（かんきつ類）　オロブランコ　砂じょう　生,0.8,0.9,9.2,9
1641,（かんきつ類）　かぼす　果汁　生,0.4,0.1,8.4,9
1642,（かんきつ類）　かわちばんかん　砂じょう　生,0.7,0.6,8.2,9
1643,（かんきつ類）　きよみ　砂じょう　生,0.8,0.6,9.7,9
1644,（かんきつ類）　きんかん　全果　生,0.5,4.6,12.9,9
1645,（かんきつ類）　グレープフルーツ　白肉種　砂じょう　生,0.9,0.6,9,9
1646,（かんきつ類）　グレープフルーツ　紅肉種　砂じょう　生,0.9,0.6,9,9
1647,（かんきつ類）　グレープフルーツ　果実飲料　ストレートジュース,0.6,0.1,10.2,9
1648,（かんきつ類）　グレープフルーツ　果実飲料　濃縮還元ジュース,0.7,0.2,8.6,9
1649,（かんきつ類）　グレープフルーツ　果実飲料　50%果汁入り飲料,0.3,0.1,11,9
1650,（かんきつ類）　グレープフルーツ　果実飲料　20%果汁入り飲料,0.1,0,9.7,9
1651,（かんきつ類）　グレープフルーツ　缶詰,0.5,0.6,16.5,9
1652,（かんきつ類）　さんぼうかん　砂じょう　生,0.7,0.9,10,9
1653,（かんきつ類）　シークヮーサー　果汁　生,0.8,0.3,7.6,9
1654,（かんきつ類）　シークヮーサー　果実飲料　10%果汁入り飲料,0.1,0,11.8,9
1655,（かんきつ類）　しらぬひ　砂じょう　生,0.8,0.6,12.3,9
1656,（かんきつ類）　すだち　果皮　生,1.8,10.1,6.3,9
1657,（かんきつ類）　すだち　果汁　生,0.5,0.1,6.5,9
1658,（かんきつ類）　せとか　砂じょう　生,0.8,0.7,11,9
1659,（かんきつ類）　セミノール　砂じょう　生,1.1,0.8,11.6,9
1660,（かんきつ類）　だいだい　果汁　生,0.3,0,8,9
1661,（かんきつ類）　なつみかん　砂じょう　生,0.9,1.2,8.8,9
1662,（かんきつ類）　なつみかん　缶詰,0.5,0.5,18.9,9
1663,（かんきつ類）　はっさく　砂じょう　生,0.8,1.5,10,9
1664,（かんきつ類）　はるみ　砂じょう　生,0.9,0.8,11.3,9
1665,（かんきつ類）　ひゅうがなつ　じょうのう及びアルベド　生,0.6,2.1,9.6,9
1666,（かんきつ類）　ひゅうがなつ　砂じょう　生,0.6,0.7,7.6,9
1667,（かんきつ類）　ぶんたん　砂じょう　生,0.7,0.9,8.9,9
1668,（かんきつ類）　ぶんたん　ざぼん漬,0.2,2.7,82.8,9
1669,（かんきつ類）　ぽんかん　砂じょう　生,0.9,1.0,8.9,9
1670,（かんきつ類）　ゆず　果皮　生,1.2,6.9,7.3,9
1671,（かんきつ類）　ゆず　果汁　生,0.5,0.4,6.6,9
1672,（かんきつ類）　ライム　果汁　生,0.4,0.2,9.1,9
1673,（かんきつ類）　レモン　全果　生,0.9,4.9,7.6,9
1674,（かんきつ類）　レモン　果汁　生,0.4,Tr,0,9
1675,キウイフルーツ　緑肉種　生,1.0,2.6,10.8,9
1676,キウイフルーツ　黄肉種　生,1.1,1.4,13.5,9
1677,きはだ　実　乾,7.3,0,0,9
1678,キワノ　生,1.5,2.6,5.4,9
1679,グァバ　赤肉種　生,0.6,5.1,4.8,9
1680,グァバ　白肉種　生,0.6,5.1,4.8,9
1681,グァバ　果実飲料　20%果汁入り飲料　（ネクター）,0.1,0.8,11.5,9
1682,グァバ　果実飲料　10%果汁入り飲料,0.1,0.2,12.1,9
1683,くこ　実　乾,12.3,0,0,9
1684,ぐみ　生,1.3,2.0,15.2,9
1685,ココナッツ　ココナッツウォーター,0.2,0,5,9
1686,ココナッツ　ココナッツミルク,1.9,0.2,2.6,9
1687,ココナッツ　ナタデココ,0,0.5,19.7,9
1688,さくらんぼ　国産　生,1.0,1.2,14,9
1689,さくらんぼ　米国産　生,1.2,1.4,15.7,9
1690,さくらんぼ　米国産　缶詰,0.6,1.0,16.6,9
1691,ざくろ　生,0.2,0,15.5,9
1692,すいか　赤肉種　生,0.6,0.3,9.2,9
1693,すいか　黄肉種　生,0.6,0.3,9.2,9
1694,（すぐり類）　カシス　冷凍,1.6,6.4,7,9
1695,（すぐり類）　グーズベリー　生,1.0,2.5,10.7,9
1696,スターフルーツ　生,0.7,1.8,5.7,9
1697,（すもも類）　にほんすもも　生,0.6,1.6,7.8,9
1698,（すもも類）　プルーン　生,0.7,1.9,10.7,9
1699,（すもも類）　プルーン　乾,2.4,7.1,55.2,9
1700,チェリモヤ　生,1.3,2.2,17.6,9
1701,ドラゴンフルーツ　生,1.4,1.9,9.9,9
1702,ドリアン　生,2.3,2.1,25,9
1703,（なし類）　日本なし　生,0.3,0.9,10.4,9
1704,（なし類）　日本なし　缶詰,0.1,0.7,18.4,9
1705,（なし類）　中国なし　生,0.2,1.4,11.3,9
1706,（なし類）　西洋なし　生,0.3,1.9,12.5,9
1707,（なし類）　西洋なし　缶詰,0.2,1.0,19.7,9
1708,なつめ　乾,3.9,12.5,58.9,9
1709,なつめやし　乾,2.2,7.0,64.3,9
1710,パインアップル　生,0.6,1.2,12.5,9
1711,パインアップル　焼き,0.9,1.7,18.4,9
1712,パインアップル　果実飲料　ストレートジュース,0.3,0,11,9
1713,パインアップル　果実飲料　濃縮還元ジュース,0.1,0,11.1,9
1714,パインアップル　果実飲料　50%果汁入り飲料,0.3,0,12.1,9
1715,パインアップル　果実飲料　10%果汁入り飲料,Tr,0,12.4,9
1716,パインアップル　缶詰,0.4,0.5,19.8,9
1717,パインアップル　砂糖漬,0.5,1.3,85.5,9
1718,ハスカップ　生,0.7,2.1,10.7,9
1719,パッションフルーツ　果汁　生,0.8,0,16.2,9
1720,バナナ　生,1.1,1.1,21.4,9
1721,バナナ　乾,3.8,7.0,71.5,9
1722,パパイア　完熟　生,0.5,2.2,7.3,9
1723,パパイア　未熟　生,1.3,2.2,7.2,9
1724,びわ　生,0.3,1.6,9,9
1725,びわ　缶詰,0.3,0.6,19.2,9
1726,ぶどう　皮なし　生,0.4,0.5,15.2,9
1727,ぶどう　皮つき　生,0.6,0.9,16,9
1728,ぶどう　干しぶどう,2.7,4.1,76.2,9
1729,ぶどう　果実飲料　ストレートジュース,0.3,0.1,14.2,9
1730,ぶどう　果実飲料　濃縮還元ジュース,0.3,0.1,11.9,9
1731,ぶどう　果実飲料　70%果汁入り飲料,0.2,0.1,12.8,9
1732,ぶどう　果実飲料　10%果汁入り飲料,Tr,Tr,0,9
1733,ぶどう　缶詰,0.4,0.2,20.2,9
1734,ぶどう　ジャム,0.5,1.5,46,9
1735,ブルーベリー　生,0.5,3.3,9.6,9
1736,ブルーベリー　ジャム,0.7,4.3,39.5,9
1737,ブルーベリー　乾,2.7,17.6,54.9,9
1738,ホワイトサポテ　生,1.5,3.1,15.8,9
1739,まくわうり　黄肉種　生,0.8,1.0,6.8,9
1740,まくわうり　白肉種　生,0.8,1.0,6.8,9
1741,マルメロ　生,0.3,5.1,10,9
1742,マンゴー　生,0.6,1.3,15.6,9
1743,マンゴー　ドライマンゴー,3.1,6.4,78.5,9
1744,マンゴスチン　生,0.6,1.4,16.1,9
1745,メロン　温室メロン　生,1.1,0.5,9.8,9
1746,メロン　露地メロン　緑肉種　生,1.0,0.5,9.9,9
1747,メロン　露地メロン　赤肉種　生,1.0,0.5,9.9,9
1748,（もも類）　もも　白肉種　生,0.6,1.3,8.9,9
1749,（もも類）　もも　黄肉種　生,0.5,1.9,11.5,9
1750,（もも類）　もも　果実飲料　30%果汁入り飲料　（ネクター）,0.2,0.4,11.2,9
1751,（もも類）　もも　缶詰　白肉種　果肉,0.5,1.4,19.2,9
1752,（もも類）　もも　缶詰　黄肉種　果肉,0.5,1.4,19.2,9
1753,（もも類）　もも　缶詰　液汁,0.3,0.3,19.5,9
1754,（もも類）　ネクタリン　生,0.7,1.7,9,9
1755,やまもも　生,0.5,1.1,10.2,9
1756,ライチー　生,1.0,0.9,15.5,9
1757,ラズベリー　生,1.1,4.7,5.5,9
1758,りゅうがん　乾,5.1,2.8,70.1,9
1759,りんご　皮なし　生,0.1,1.4,14.1,9
1760,りんご　皮つき　生,0.2,1.9,14.3,9
1761,りんご　皮つき　焼き,0.2,2.5,19.4,9
1762,りんご　果実飲料　ストレートジュース,0.2,Tr,0,9
1763,りんご　果実飲料　濃縮還元ジュース,0.1,Tr,0,9
1764,りんご　果実飲料　50%果汁入り飲料,0.1,0,11.5,9
1765,りんご　果実飲料　30%果汁入り飲料,Tr,0,11.4,9
1766,りんご　缶詰,0.3,0.4,19.7,9
1767,りんご　ジャム,0.2,0.8,51.9,9
1768,アマランサス　玄穀,12.7,7.4,57.5,10
1769,あわ　精白粒,11.2,3.3,66.4,10
1770,あわ　あわもち,5.1,1.5,43.8,10
1771,えんばく　オートミール,13.7,9.4,59.7,10
1772,おおむぎ　七分つき押麦,10.9,10.3,61.8,10
1773,おおむぎ　押麦　乾,6.7,12.2,66.1,10
1774,おおむぎ　押麦　めし,2.2,4.2,24.3,10
1775,おおむぎ　米粒麦,7.0,8.7,67.5,10
1776,おおむぎ　大麦めん　乾,12.9,6.3,61.7,10
1777,おおむぎ　大麦めん　ゆで,4.8,2.5,21.8,10
1778,おおむぎ　麦こがし,12.5,15.5,61.6,10
1779,キヌア　玄穀,13.4,6.2,62.8,10
1780,きび　精白粒,11.3,1.6,69.3,10
1781,こむぎ　［玄穀］　国産　普通,10.8,14.0,58.1,10
1782,こむぎ　［玄穀］　輸入　軟質,10.1,11.2,64,10
1783,こむぎ　［玄穀］　輸入　硬質,13.0,11.4,58,10
1784,こむぎ　［小麦粉］　薄力粉　1等,8.3,2.5,73.3,10
1785,こむぎ　［小麦粉］　薄力粉　2等,9.3,2.6,71.7,10
1786,こむぎ　［小麦粉］　中力粉　1等,9.0,2.8,72.3,10
1787,こむぎ　［小麦粉］　中力粉　2等,9.7,2.1,71.9,10
1788,こむぎ　［小麦粉］　強力粉　1等,11.8,2.7,69,10
1789,こむぎ　［小麦粉］　強力粉　2等,12.6,2.1,68.5,10
1790,こむぎ　［小麦粉］　強力粉　全粒粉,12.8,11.2,57,10
1791,こむぎ　［小麦粉］　プレミックス粉　お好み焼き用,10.1,2.8,70.8,10
1792,こむぎ　［小麦粉］　プレミックス粉　ホットケーキ用,7.8,1.8,72.6,10
1793,こむぎ　［小麦粉］　プレミックス粉　から揚げ用,10.2,2.6,67.4,10
1794,こむぎ　［小麦粉］　プレミックス粉　天ぷら用,8.8,2.5,73.6,10
1795,こむぎ　［小麦粉］　プレミックス粉　天ぷら用　バッター,3.3,1.0,29.2,10
1796,こむぎ　［小麦粉］　プレミックス粉　天ぷら用　バッター　揚げ,4.3,3.3,33.7,10
1797,こむぎ　［パン類］　角形食パン　食パン,8.9,4.2,42.2,10
1798,こむぎ　［パン類］　角形食パン　焼き,9.7,4.6,46,10
1799,こむぎ　［パン類］　角形食パン　耳を除いたもの,8.2,3.8,38.8,10
1800,こむぎ　［パン類］　角形食パン　耳,9.7,4.7,46.1,10
1801,こむぎ　［パン類］　食パン　リーンタイプ,8.0,2.0,45.5,10
1802,こむぎ　［パン類］　食パン　リッチタイプ,7.8,1.7,43.9,10
1803,こむぎ　［パン類］　山形食パン　食パン,7.8,1.8,46.1,10
1804,こむぎ　［パン類］　コッペパン,8.5,2.0,47.1,10
1805,こむぎ　［パン類］　乾パン,9.5,3.1,75.7,10
1806,こむぎ　［パン類］　フランスパン,9.4,2.7,54.8,10
1807,こむぎ　［パン類］　ライ麦パン,8.4,5.6,47.1,10
1808,こむぎ　［パン類］　全粒粉パン,7.9,4.5,41,10
1809,こむぎ　［パン類］　ぶどうパン,8.2,2.2,48.9,10
1810,こむぎ　［パン類］　ロールパン,10.1,2.0,46.6,10
1811,こむぎ　［パン類］　クロワッサン　レギュラータイプ,6.5,1.9,49.6,10
1812,こむぎ　［パン類］　クロワッサン　リッチタイプ,7.9,1.8,42.1,10
1813,こむぎ　［パン類］　くるみパン,8.2,2.4,36.3,10
1814,こむぎ　［パン類］　イングリッシュマフィン,8.1,1.2,39.6,10
1815,こむぎ　［パン類］　ナン,10.3,2.0,45.6,10
1816,こむぎ　［パン類］　ベーグル,9.6,2.5,52.1,10
1817,こむぎ　［うどん・そうめん類］　うどん　生,6.1,3.6,53.2,10
1818,こむぎ　［うどん・そうめん類］　うどん　ゆで,2.6,1.3,20.3,10
1819,こむぎ　［うどん・そうめん類］　うどん　半生うどん,7.8,4.1,58.4,10
1820,こむぎ　［うどん・そうめん類］　干しうどん　乾,8.5,2.4,69.5,10
1821,こむぎ　［うどん・そうめん類］　干しうどん　ゆで,3.1,0.7,25.1,10
1822,こむぎ　［うどん・そうめん類］　そうめん・ひやむぎ　乾,9.5,2.5,70.2,10
1823,こむぎ　［うどん・そうめん類］　そうめん・ひやむぎ　ゆで,3.5,0.9,24.9,10
1824,こむぎ　［うどん・そうめん類］　手延そうめん・手延ひやむぎ　乾,9.3,1.8,67.1,10
1825,こむぎ　［うどん・そうめん類］　手延そうめん・手延ひやむぎ　ゆで,3.5,1.0,24.5,10
1826,こむぎ　［中華めん類］　中華めん　生,8.6,5.4,50.3,10
1827,こむぎ　［中華めん類］　中華めん　ゆで,4.9,2.8,26.4,10
1828,こむぎ　［中華めん類］　半生中華めん　,9.9,6.2,55,10
1829,こむぎ　［中華めん類］　蒸し中華めん　蒸し中華めん,4.9,3.1,32.5,10
1830,こむぎ　［中華めん類］　蒸し中華めん  ソテー,5.2,3.6,35.3,10
1831,こむぎ　［中華めん類］　干し中華めん　乾,11.7,6.0,64.2,10
1832,こむぎ　［中華めん類］　干し中華めん　ゆで,4.9,2.6,24.9,10
1833,こむぎ　［中華めん類］　沖縄そば　生,9.2,2.1,52.1,10
1834,こむぎ　［中華めん類］　沖縄そば　ゆで,5.2,1.5,26.5,10
1835,こむぎ　［中華めん類］　干し沖縄そば　乾,12.0,2.1,65.7,10
1836,こむぎ　［中華めん類］　干し沖縄そば　ゆで,5.2,1.5,27.1,10
1837,こむぎ　［即席めん類］　即席中華めん　油揚げ味付け,10.1,2.5,61,10
1838,こむぎ　［即席めん類］　即席中華めん　油揚げ　乾　（添付調味料等を含むもの）,10.1,2.4,59,10
1839,こむぎ　［即席めん類］　即席中華めん　油揚げ　調理後全体　（添付調味料等を含むもの）,2.3,0.5,12.9,10
1840,こむぎ　［即席めん類］　即席中華めん　油揚げ　ゆで　（添付調味料等を含まないもの）,3.9,2.6,25.3,10
1841,こむぎ　［即席めん類］　即席中華めん　油揚げ　乾　（添付調味料等を含まないもの）,8.9,5.5,60,10
1842,こむぎ　［即席めん類］　即席中華めん　非油揚げ　乾　（添付調味料等を含むもの）,10.3,2.3,64.8,10
1843,こむぎ　［即席めん類］　即席中華めん　非油揚げ　調理後全体　（添付調味料等を含むもの）,3.0,0.6,18.1,10
1844,こむぎ　［即席めん類］　即席中華めん　非油揚げ　ゆで　（添付調味料等を含まないもの）,3.4,2.7,28.3,10
1845,こむぎ　［即席めん類］　即席中華めん　非油揚げ　乾　（添付調味料等を含まないもの）,8.5,6.5,68.7,10
1846,こむぎ　［即席めん類］　中華スタイル即席カップめん　油揚げ　塩味　乾　（添付調味料等を含むもの）,10.9,5.8,52.8,10
1847,こむぎ　［即席めん類］　中華スタイル即席カップめん　油揚げ　塩味　調理後全体　（添付調味料等を含むもの）,2.5,1.3,11.9,10
1848,こむぎ　［即席めん類］　中華スタイル即席カップめん　油揚げ　塩味　調理後のめん　（スープを残したもの）,3.8,2.2,23,10
1849,こむぎ　［即席めん類］　中華スタイル即席カップめん　油揚げ　しょうゆ味　乾　（添付調味料等を含むもの）,10.0,6.1,48.5,10
1850,こむぎ　［即席めん類］　中華スタイル即席カップめん　油揚げ　しょうゆ味　調理後全体　（添付調味料等を含むもの）,2.3,1.4,11.5,10
1851,こむぎ　［即席めん類］　中華スタイル即席カップめん　油揚げ　しょうゆ味　調理後のめん　（スープを残したもの）,3.0,1.9,18.8,10
1852,こむぎ　［即席めん類］　中華スタイル即席カップめん　油揚げ　焼きそば　乾　（添付調味料等を含むもの）,8.2,5.7,51.8,10
1853,こむぎ　［即席めん類］　中華スタイル即席カップめん　油揚げ　焼きそば　調理後全体　（添付調味料等を含むもの）,5.0,3.3,30.9,10
1854,こむぎ　［即席めん類］　中華スタイル即席カップめん　非油揚げ　乾　（添付調味料等を含むもの）,9.2,6.4,56.2,10
1855,こむぎ　［即席めん類］　中華スタイル即席カップめん　非油揚げ　調理後全体　（添付調味料等を含むもの）,2.5,1.5,8.7,10
1856,こむぎ　［即席めん類］　中華スタイル即席カップめん　非油揚げ　調理後のめん　（スープを残したもの）,3.4,2.5,22.8,10
1857,こむぎ　［即席めん類］　和風スタイル即席カップめん　油揚げ　乾　（添付調味料等を含むもの）,10.9,6.0,50.1,10
1858,こむぎ　［即席めん類］　和風スタイル即席カップめん　油揚げ　調理後全体　（添付調味料等を含むもの）,2.2,1.4,9.8,10
1859,こむぎ　［即席めん類］　和風スタイル即席カップめん　油揚げ　調理後のめん　（スープを残したもの）,2.7,2.4,22,10
1860,こむぎ　［マカロニ・スパゲッティ類］　マカロニ・スパゲッティ　乾,12.9,5.4,67.7,10
1861,こむぎ　［マカロニ・スパゲッティ類］　マカロニ・スパゲッティ　ゆで,5.8,3.0,29.2,10
1862,こむぎ　［マカロニ・スパゲッティ類］　マカロニ・スパゲッティ　ソテー,5.5,2.9,27.6,10
1863,こむぎ　［マカロニ・スパゲッティ類］　生パスタ　生,7.8,1.5,45.4,10
1864,こむぎ　［ふ類］　生ふ,12.7,0.5,25.7,10
1865,こむぎ　［ふ類］　焼きふ　釜焼きふ,28.5,3.7,53.2,10
1866,こむぎ　［ふ類］　焼きふ　板ふ,25.6,3.8,53.5,10
1867,こむぎ　［ふ類］　焼きふ　車ふ,30.2,2.6,51.6,10
1868,こむぎ　［ふ類］　油ふ,22.7,0,0,10
1869,こむぎ　［その他］　小麦はいが,32.0,14.3,34,10
1870,こむぎ　［その他］　小麦たんぱく　粉末状,72.0,2.4,8.2,10
1871,こむぎ　［その他］　小麦たんぱく　粒状,20.0,0.4,1.4,10
1872,こむぎ　［その他］　小麦たんぱく　ペースト状,25.0,0.5,3.4,10
1873,こむぎ　［その他］　かやきせんべい,10.6,0,0,10
1874,こむぎ　［その他］　ぎょうざの皮　生,9.3,2.2,54.8,10
1875,こむぎ　［その他］　しゅうまいの皮　生,8.3,2.2,56.7,10
1876,こむぎ　［その他］　春巻きの皮　生,8.3,4.5,57.7,10
1877,こむぎ　［その他］　春巻きの皮　揚げ,7.2,4.2,49.5,10
1878,こむぎ　［その他］　ピザ生地,9.1,2.3,48.8,10
1879,こむぎ　［その他］　ちくわぶ,7.1,1.5,29.6,10
1880,こむぎ　［その他］　パン粉　生,11.0,3.0,44.6,10
1881,こむぎ　［その他］　パン粉　半生,12.5,3.5,50.8,10
1882,こむぎ　［その他］　パン粉　乾燥,14.6,4.0,59.4,10
1883,こむぎ　［その他］　冷めん　生,3.9,1.1,56.5,10
1884,こめ　［水稲穀粒］　玄米,6.8,3.0,71.3,10
1885,こめ　［水稲穀粒］　半つき米,6.5,1.4,74.5,10
1886,こめ　［水稲穀粒］　七分つき米,6.3,0.9,75.7,10
1887,こめ　［水稲穀粒］　精白米　うるち米,6.1,0.5,77.1,10
1888,こめ　［水稲穀粒］　精白米　もち米,6.4,0.5,76.7,10
1889,こめ　［水稲穀粒］　精白米　インディカ米,7.4,0.5,77.2,10
1890,こめ　［水稲穀粒］　はいが精米,6.5,1.3,74.5,10
1891,こめ　［水稲穀粒］　発芽玄米,6.5,3.1,71.2,10
1892,こめ　［水稲穀粒］　赤米,8.5,6.5,65.4,10
1893,こめ　［水稲穀粒］　黒米,7.8,5.6,66.4,10
1894,こめ　［水稲めし］　玄米,2.8,1.4,34.2,10
1895,こめ　［水稲めし］　半つき米,2.7,0.8,35.6,10
1896,こめ　［水稲めし］　七分つき米,2.6,0.5,36.2,10
1897,こめ　［水稲めし］　精白米　インディカ米,3.8,0.4,41.1,10
1898,こめ　［水稲めし］　精白米　うるち米,2.5,1.5,35.6,10
1899,こめ　［水稲めし］　精白米　もち米,3.5,0.4,43.5,10
1900,こめ　［水稲めし］　はいが精米,2.7,0.8,35.6,10
1901,こめ　［水稲めし］　発芽玄米,3.0,1.8,33.2,10
1902,こめ　［水稲めし］　赤米,3.8,3.4,29.3,10
1903,こめ　［水稲めし］　黒米,3.6,3.3,28.9,10
1904,こめ　［水稲軟めし］　精白米,1.8,1.1,25.3,10
1905,こめ　［水稲全かゆ］　玄米,1.2,0.6,14.6,10
1906,こめ　［水稲全かゆ］　半つき米,1.1,0.3,15.2,10
1907,こめ　［水稲全かゆ］　七分つき米,1.1,0.2,15.4,10
1908,こめ　［水稲全かゆ］　精白米,1.1,0.1,15.6,10
1909,こめ　［水稲五分かゆ］　玄米,0.6,0.3,7.3,10
1910,こめ　［水稲五分かゆ］　半つき米,0.6,0.1,7.6,10
1911,こめ　［水稲五分かゆ］　七分つき米,0.6,0.1,7.6,10
1912,こめ　［水稲五分かゆ］　精白米,0.5,0.1,7.8,10
1913,こめ　［水稲おもゆ］　玄米,0.4,0.2,4.2,10
1914,こめ　［水稲おもゆ］　半つき米,0.3,0.1,4.5,10
1915,こめ　［水稲おもゆ］　七分つき米,0.3,Tr,0,10
1916,こめ　［水稲おもゆ］　精白米,0.3,Tr,0,10
1917,こめ　［陸稲穀粒］　玄米,10.1,3.0,68.1,10
1918,こめ　［陸稲穀粒］　半つき米,9.6,1.4,71.5,10
1919,こめ　［陸稲穀粒］　七分つき米,9.5,0.9,72.5,10
1920,こめ　［陸稲穀粒］　精白米,9.3,0.5,74,10
1921,こめ　［陸稲めし］　玄米,4.1,1.4,32.9,10
1922,こめ　［陸稲めし］　半つき米,3.8,0.8,34.5,10
1923,こめ　［陸稲めし］　七分つき米,3.6,0.5,35.2,10
1924,こめ　［陸稲めし］　精白米,3.5,0.3,35.8,10
1925,こめ　［うるち米製品］　アルファ化米　一般用,6.0,1.2,83.6,10
1926,こめ　［うるち米製品］　アルファ化米　学校給食用強化品,6.0,1.2,83.6,10
1927,こめ　［うるち米製品］　おにぎり,2.7,0.4,39,10
1928,こめ　［うるち米製品］　焼きおにぎり,3.1,0.4,39.1,10
1929,こめ　［うるち米製品］　きりたんぽ,3.2,0.4,45.8,10
1930,こめ　［うるち米製品］　上新粉,6.2,0.6,77.9,10
1931,こめ　［うるち米製品］　玄米粉,7.1,3.5,80.6,10
1932,こめ　［うるち米製品］　米粉,6.0,0.6,81.3,10
1933,こめ　［うるち米製品］　米粉パン　食パン,10.7,0.7,40.9,10
1934,こめ　［うるち米製品］　米粉パン　ロールパン,8.8,0.6,41.4,10
1935,こめ　［うるち米製品］　米粉パン　小麦グルテン不使用のもの,3.4,0.9,50.4,10
1936,こめ　［うるち米製品］　米粉めん,3.6,0.9,57.5,10
1937,こめ　［うるち米製品］　ビーフン,7.0,0.9,79,10
1938,こめ　［うるち米製品］　ライスペーパー,0.5,0.8,83.5,10
1939,こめ　［うるち米製品］　米こうじ,5.8,1.4,57.8,10
1940,こめ　［もち米製品］　もち,4.0,0.5,50.3,10
1941,こめ　［もち米製品］　赤飯,4.3,1.6,40.3,10
1942,こめ　［もち米製品］　あくまき,2.3,0.2,25.5,10
1943,こめ　［もち米製品］　白玉粉,6.3,0.5,79.5,10
1944,こめ　［もち米製品］　道明寺粉,7.1,0.7,79.7,10
1945,こめ　［その他］　米ぬか,13.4,20.5,28.3,10
1946,そば　そば粉　全層粉,12.0,4.3,65.3,10
1947,そば　そば粉　内層粉,6.0,1.8,75.8,10
1948,そば　そば粉　中層粉,10.2,4.4,67.2,10
1949,そば　そば粉　表層粉,15.0,7.1,58,10
1950,そば　そば米,9.6,3.7,70,10
1951,そば　そば　生,9.8,6.0,48.5,10
1952,そば　そば　ゆで,4.8,2.9,23.1,10
1953,そば　そば　半生そば,10.5,6.9,54.9,10
1954,そば　干しそば　乾,14.0,3.7,63,10
1955,そば　干しそば　ゆで,4.8,1.5,20.6,10
1956,とうもろこし　玄穀　黄色種,8.6,9.0,61.6,10
1957,とうもろこし　玄穀　白色種,8.6,9.0,61.6,10
1958,とうもろこし　コーンミール　黄色種,8.3,8.0,64.4,10
1959,とうもろこし　コーンミール　白色種,8.3,8.0,64.4,10
1960,とうもろこし　コーングリッツ　黄色種,8.2,2.4,74,10
1961,とうもろこし　コーングリッツ　白色種,8.2,2.4,74,10
1962,とうもろこし　コーンフラワー　黄色種,6.6,1.7,74.4,10
1963,とうもろこし　コーンフラワー　白色種,6.6,1.7,74.4,10
1964,とうもろこし　ジャイアントコーン　フライ　味付け,5.7,10.5,66.1,10
1965,とうもろこし　ポップコーン,10.2,9.3,50.3,10
1966,とうもろこし　コーンフレーク,7.8,2.4,81.2,10
1967,はとむぎ　精白粒,13.3,0.6,71.6,10
1968,ひえ　精白粒,9.4,4.3,68.9,10
1969,もろこし　玄穀,10.3,9.7,61.4,10
1970,もろこし　精白粒,9.5,4.4,69.7,10
1971,ライむぎ　全粒粉,12.7,13.3,57.4,10
1972,ライむぎ　ライ麦粉,8.5,12.9,62.9,10
1973,（植物油脂類）　オリーブ油,0,0,0,11
1974,（植物油脂類）　ごま油,0,0,0,11
1975,（植物油脂類）　米ぬか油,0,0,0,11
1976,（植物油脂類）　サフラワー油　ハイオレイック,0,0,0,11
1977,（植物油脂類）　サフラワー油　ハイリノール,0,0,0,11
1978,（植物油脂類）　大豆油,0,0,0,11
1979,（植物油脂類）　調合油,0,0,0,11
1980,（植物油脂類）　とうもろこし油,0,0,0,11
1981,（植物油脂類）　なたね油,0,0,0,11
1982,（植物油脂類）　パーム油,0,0,0,11
1983,（植物油脂類）　パーム核油,0,0,0,11
1984,（植物油脂類）　ひまわり油　ハイリノール,0,0,0,11
1985,（植物油脂類）　ひまわり油　ミッドオレイック,0,0,0,11
1986,（植物油脂類）　ひまわり油　ハイオレイック,0,0,0,11
1987,（植物油脂類）　ぶどう油,0,0,0,11
1988,（植物油脂類）　綿実油,0,0,0,11
1989,（植物油脂類）　やし油,0,0,0,11
1990,（植物油脂類）　落花生油,0,0,0,11
1991,（動物油脂類）　牛脂,0.2,0,0,11
1992,（動物油脂類）　たらのあぶら,0.1,0,0,11
1993,（動物油脂類）　ラード,0,0,0,11
1994,（バター類）　無発酵バター　有塩バター,0.6,0,0.2,11
1995,（バター類）　無発酵バター　食塩不使用バター,0.5,0,0.2,11
1996,（バター類）　発酵バター　有塩バター,0.6,0,4.4,11
1997,（マーガリン類）　マーガリン　家庭用　有塩,0.4,0,0.5,11
1998,（マーガリン類）　マーガリン　家庭用　無塩,0.4,0,0.5,11
1999,（マーガリン類）　マーガリン　業務用　有塩,0.3,0,0.1,11
2000,（マーガリン類）　マーガリン　業務用　無塩,0.3,0,0.1,11
2001,（マーガリン類）　ファットスプレッド,0.2,0,0,11
2002,（その他）　ショートニング　家庭用,0,0,0,11
2003,（その他）　ショートニング　業務用　製菓,0,0,0,11
2004,（その他）　ショートニング　業務用　フライ,0,0,0,11
2005,（砂糖類）　黒砂糖,1.7,0,90.3,12
2006,（砂糖類）　てんさい含蜜糖,0.9,8.3,88.6,12
2007,（砂糖類）　和三盆糖,0.2,0,99,12
2008,（砂糖類）　車糖　上白糖,0,0,99.3,12
2009,（砂糖類）　車糖　三温糖,Tr,0,99,12
2010,（砂糖類）　ざらめ糖　グラニュー糖,0,0,100,12
2011,（砂糖類）　ざらめ糖　白ざら糖,0,0,100,12
2012,（砂糖類）　ざらめ糖　中ざら糖,0,0,100,12
2013,（砂糖類）　加工糖　角砂糖,0,0,100,12
2014,（砂糖類）　加工糖　氷砂糖,0,0,100,12
2015,（砂糖類）　加工糖　コーヒーシュガー,0.1,0,99.8,12
2016,（砂糖類）　加工糖　粉糖,0,0,99.7,12
2017,（砂糖類）　液糖　しょ糖型液糖,0,0,67.9,12
2018,（砂糖類）　液糖　転化型液糖,0,0,76.6,12
2019,（砂糖類）　氷糖みつ,0.2,0,68.2,12
2020,（でん粉糖類）　還元麦芽糖,0,0.3,99.7,12
2021,（でん粉糖類）　還元水あめ,0,14.0†,0,12
2022,（でん粉糖類）　粉あめ,0,0,97,12
2023,（でん粉糖類）　水あめ　酵素糖化,0,0,85,12
2024,（でん粉糖類）　水あめ　酸糖化,0,0,85,12
2025,（でん粉糖類）　ぶどう糖　全糖,0,0,91,12
2026,（でん粉糖類）　ぶどう糖　含水結晶,0,0,91.3,12
2027,（でん粉糖類）　ぶどう糖　無水結晶,0,0,99.7,12
2028,（でん粉糖類）　果糖,0,0,99.9,12
2029,（でん粉糖類）　異性化液糖　ぶどう糖果糖液糖,0,0,75,12
2030,（でん粉糖類）　異性化液糖　果糖ぶどう糖液糖,0,0,75,12
2031,（でん粉糖類）　異性化液糖　高果糖液糖,0,0,75,12
2032,（その他）　黒蜜,1.0,0,50.5,12
2033,（その他）　はちみつ,0.3,0,81.9,12
2034,（その他）　メープルシロップ,0.1,0,66.3,12
2035,＜調味料類＞　（ウスターソース類）　ウスターソース,1.0,0.5,26.6,12
2036,＜調味料類＞　（ウスターソース類）　中濃ソース,0.8,1.0,29.9,12
2037,＜調味料類＞　（ウスターソース類）　濃厚ソース,0.9,1.0,29.9,12
2038,＜調味料類＞　（ウスターソース類）　お好み焼きソース,1.6,0.9,32.8,12
2039,＜調味料類＞　（辛味調味料類）　トウバンジャン,2.0,4.3,3.6,12
2040,＜調味料類＞　（辛味調味料類）　チリペッパーソース,0.7,0,0,12
2041,＜調味料類＞　（辛味調味料類）　ラー油,0.1,0,0,12
2042,＜調味料類＞　（しょうゆ類）　こいくちしょうゆ,7.7,Tr,0,12
2043,＜調味料類＞　（しょうゆ類）　こいくちしょうゆ　減塩,8.1,0,9,12
2044,＜調味料類＞　（しょうゆ類）　うすくちしょうゆ,5.7,Tr,0,12
2045,＜調味料類＞　（しょうゆ類）　うすくちしょうゆ　低塩,6.4,Tr,0,12
2046,＜調味料類＞　（しょうゆ類）　たまりしょうゆ,11.8,0,15.9,12
2047,＜調味料類＞　（しょうゆ類）　さいしこみしょうゆ,9.6,0,15.9,12
2048,＜調味料類＞　（しょうゆ類）　しろしょうゆ,2.5,0,19.2,12
2049,＜調味料類＞　（しょうゆ類）　だししょうゆ,4.0,Tr,0,12
2050,＜調味料類＞　（しょうゆ類）　照りしょうゆ,2.4,Tr,0,12
2051,＜調味料類＞　（食塩類）　食塩,0,0,0,12
2052,＜調味料類＞　（食塩類）　並塩,0,0,0,12
2053,＜調味料類＞　（食塩類）　減塩タイプ食塩　調味料含む,0,0,16.7,12
2054,＜調味料類＞　（食塩類）　減塩タイプ食塩　調味料不使用,0,0,0,12
2055,＜調味料類＞　（食塩類）　精製塩　家庭用,0,0,0,12
2056,＜調味料類＞　（食塩類）　精製塩　業務用,0,0,0,12
2057,＜調味料類＞　（食酢類）　黒酢,1.0,0,9,12
2058,＜調味料類＞　（食酢類）　穀物酢,0.1,0,2.4,12
2059,＜調味料類＞　（食酢類）　米酢,0.2,0,7.4,12
2060,＜調味料類＞　（食酢類）　果実酢　バルサミコ酢,0.5,0,19.4,12
2061,＜調味料類＞　（食酢類）　果実酢　ぶどう酢,0.1,0,1.2,12
2062,＜調味料類＞　（食酢類）　果実酢　りんご酢,0.1,0,2.4,12
2063,＜調味料類＞　（だし類）　あごだし,0.1,Tr,0,12
2064,＜調味料類＞　（だし類）　かつおだし　荒節,0.4,0,0,12
2065,＜調味料類＞　（だし類）　かつおだし　本枯れ節,0.5,0,0,12
2066,＜調味料類＞　（だし類）　昆布だし　水出し,0.1,0,0,12
2067,＜調味料類＞　（だし類）　昆布だし　煮出し,0.1,0.1,1.2,12
2068,＜調味料類＞　（だし類）　かつお・昆布だし　荒節・昆布だし,0.3,0,0,12
2069,＜調味料類＞　（だし類）　かつお・昆布だし　本枯れ節・昆布だし,0.3,Tr,0,12
2070,＜調味料類＞　（だし類）　しいたけだし,0.1,0,0,12
2071,＜調味料類＞　（だし類）　煮干しだし,0.1,0,0,12
2072,＜調味料類＞　（だし類）　鶏がらだし,0.9,0,0,12
2073,＜調味料類＞　（だし類）　中華だし,0.8,0,0,12
2074,＜調味料類＞　（だし類）　洋風だし,1.3,0,0,12
2075,＜調味料類＞　（だし類）　固形ブイヨン,7.0,0.3,41.8,12
2076,＜調味料類＞　（だし類）　顆粒おでん用,9.6,Tr,0,12
2077,＜調味料類＞　（だし類）　顆粒中華だし,12.6,0,36.6,12
2078,＜調味料類＞　（だし類）　顆粒和風だし,24.2,0,31.1,12
2079,＜調味料類＞　（だし類）　なべつゆ　ストレート　しょうゆ味,1.0,0,4.1,12
2080,＜調味料類＞　（だし類）　めんつゆ　ストレート,2.2,0,0,12
2081,＜調味料類＞　（だし類）　めんつゆ　二倍濃縮,3.4,0,0,12
2082,＜調味料類＞　（だし類）　めんつゆ　三倍濃縮,4.5,0,0,12
2083,＜調味料類＞　（だし類）　ラーメンスープ　濃縮　しょうゆ味　ストレートしょうゆ味,3.3,Tr,0,12
2084,＜調味料類＞　（だし類）　ラーメンスープ　濃縮　みそ味　ストレートみそ味,6.4,1.6,15.2,12
2085,＜調味料類＞　（調味ソース類）　甘酢,0.1,0,28.4,12
2086,＜調味料類＞　（調味ソース類）　エビチリの素,1.2,0.6,8.9,12
2087,＜調味料類＞　（調味ソース類）　オイスターソース,7.7,0.2,18.1,12
2088,＜調味料類＞　（調味ソース類）　黄身酢,6.3,0,20,12
2089,＜調味料類＞　（調味ソース類）　魚醤油　いかなごしょうゆ,13.9,Tr,0,12
2090,＜調味料類＞　（調味ソース類）　魚醤油　いしる　（いしり）,12.8,0.3,3.9,12
2091,＜調味料類＞　（調味ソース類）　魚醤油　しょっつる,6.1,0.1,1,12
2092,＜調味料類＞　（調味ソース類）　魚醤油　ナンプラー,9.1,0,2.7,12
2093,＜調味料類＞　（調味ソース類）　ごま酢,4.0,1.9,28,12
2094,＜調味料類＞　（調味ソース類）　ごまだれ,7.2,3.0,26.2,12
2095,＜調味料類＞　（調味ソース類）　三杯酢,0.9,0,17.8,12
2096,＜調味料類＞　（調味ソース類）　二杯酢,3.5,Tr,0,12
2097,＜調味料類＞　（調味ソース類）　すし酢　ちらし・稲荷用,0.1,0,34.9,12
2098,＜調味料類＞　（調味ソース類）　すし酢　にぎり用,0.2,0,14.3,12
2099,＜調味料類＞　（調味ソース類）　すし酢　巻き寿司・箱寿司用,0.1,0,23.8,12
2100,＜調味料類＞　（調味ソース類）　中華風合わせ酢,3.0,Tr,0,12
2101,＜調味料類＞　（調味ソース類）　デミグラスソース,2.9,0,0,12
2102,＜調味料類＞　（調味ソース類）　テンメンジャン,8.5,3.1,35,12
2103,＜調味料類＞　（調味ソース類）　冷やし中華のたれ,2.1,0,23.1,12
2104,＜調味料類＞　（調味ソース類）　ホワイトソース,1.8,0.4,8.8,12
2105,＜調味料類＞　（調味ソース類）　ぽん酢しょうゆ,3.4,0.2,7.2,12
2106,＜調味料類＞　（調味ソース類）　ぽん酢しょうゆ　市販品,3.7,0.3,10.5,12
2107,＜調味料類＞　（調味ソース類）　マーボー豆腐の素,4.2,0,0,12
2108,＜調味料類＞　（調味ソース類）　マリネ液,0.1,0,10.9,12
2109,＜調味料類＞　（調味ソース類）　ミートソース,3.8,0,0,12
2110,＜調味料類＞　（調味ソース類）　焼きそば粉末ソース,5.6,3.3,59.1,12
2111,＜調味料類＞　（調味ソース類）　焼き鳥のたれ,3.3,Tr,0,12
2112,＜調味料類＞　（調味ソース類）　焼き肉のたれ,4.3,0.4,31.9,12
2113,＜調味料類＞　（調味ソース類）　みたらしのたれ,0.9,0,30.8,12
2114,＜調味料類＞　（調味ソース類）　ゆずこしょう,1.3,6.2,3.1,12
2115,＜調味料類＞　（トマト加工品類）　トマトピューレー,1.9,1.8,8.1,12
2116,＜調味料類＞　（トマト加工品類）　トマトペースト,3.8,4.7,17.3,12
2117,＜調味料類＞　（トマト加工品類）　トマトケチャップ,1.6,1.7,25.9,12
2118,＜調味料類＞　（トマト加工品類）　トマトソース,2.0,1.1,7.4,12
2119,＜調味料類＞　（トマト加工品類）　チリソース,1.8,1.9,24.4,12
2120,＜調味料類＞　（ドレッシング類）　半固形状ドレッシング　マヨネーズ　全卵型,1.4,0,3.6,12
2121,＜調味料類＞　（ドレッシング類）　半固形状ドレッシング　マヨネーズ　卵黄型,2.5,0,0.6,12
2122,＜調味料類＞　（ドレッシング類）　半固形状ドレッシング　マヨネーズタイプ調味料　低カロリータイプ,2.9,0.8,2.5,12
2123,＜調味料類＞　（ドレッシング類）　分離液状ドレッシング　フレンチドレッシング　分離液状,Tr,0,12.4,12
2124,＜調味料類＞　（ドレッシング類）　分離液状ドレッシング　和風ドレッシング　分離液状,1.9,0.2,9.1,12
2125,＜調味料類＞　（ドレッシング類）　分離液状ドレッシング　和風ドレッシングタイプ調味料　ノンオイルタイプ,3.1,0.2,15.9,12
2126,＜調味料類＞　（ドレッシング類）　乳化液状ドレッシング　ごまドレッシング,2.7,0.8,14.2,12
2127,＜調味料類＞　（ドレッシング類）　乳化液状ドレッシング　サウザンアイランドドレッシング,0.3,0.4,12.4,12
2128,＜調味料類＞　（ドレッシング類）　乳化液状ドレッシング　フレンチドレッシング　乳化液状,0.1,0,9.3,12
2129,＜調味料類＞　（みそ類）　米みそ　甘みそ,9.7,5.6,32.3,12
2130,＜調味料類＞　（みそ類）　米みそ　淡色辛みそ,12.5,4.9,17,12
2131,＜調味料類＞　（みそ類）　米みそ　赤色辛みそ,13.1,4.1,17,12
2132,＜調味料類＞　（みそ類）　米みそ　だし入りみそ,11.0,4.1,16.5,12
2133,＜調味料類＞　（みそ類）　米みそ　だし入りみそ　減塩,10.3,4.9,17.3,12
2134,＜調味料類＞　（みそ類）　麦みそ,9.7,6.3,23.7,12
2135,＜調味料類＞　（みそ類）　豆みそ,17.2,6.5,8,12
2136,＜調味料類＞　（みそ類）　減塩みそ,11.0,4.3,21.4,12
2137,＜調味料類＞　（みそ類）　即席みそ　粉末タイプ,21.9,6.6,36.4,12
2138,＜調味料類＞　（みそ類）　即席みそ　ペーストタイプ,8.9,2.8,12.6,12
2139,＜調味料類＞　（みそ類）　辛子酢みそ,5.0,2.7,41.9,12
2140,＜調味料類＞　（みそ類）　ごまみそ,9.4,5.5,27.4,12
2141,＜調味料類＞　（みそ類）　酢みそ,4.9,2.8,42,12
2142,＜調味料類＞　（みそ類）　練りみそ,5.5,3.2,55.9,12
2143,＜調味料類＞　（ルウ類）　カレールウ,6.5,6.4,38.3,12
2144,＜調味料類＞　（ルウ類）　ハヤシルウ,5.8,2.5,45,12
2145,＜調味料類＞　（その他）　お茶漬けの素　さけ,20.2,3.5,33.6,12
2146,＜調味料類＞　（その他）　キムチの素,5.3,3.6,22.4,12
2147,＜調味料類＞　（その他）　酒かす,14.9,5.2,18.6,12
2148,＜調味料類＞　（その他）　即席すまし汁,18.3,3.3,27.2,12
2149,＜調味料類＞　（その他）　ふりかけ　たまご,23.4,5.1,34.6,12
2150,＜調味料類＞　（その他）　みりん風調味料,0.1,0,55.7,12
2151,＜調味料類＞　（その他）　料理酒,0.2,0,4.7,12
2152,＜香辛料類＞　オールスパイス　粉,5.6,0,0,12
2153,＜香辛料類＞　オニオンパウダー,8.8,0,0,12
2154,＜香辛料類＞　からし　粉,33.0,0,0,12
2155,＜香辛料類＞　からし　練り,5.9,0,0,12
2156,＜香辛料類＞　からし　練りマスタード,4.8,0,0,12
2157,＜香辛料類＞　からし　粒入りマスタード,7.6,0,0,12
2158,＜香辛料類＞　カレー粉,13.0,36.9,26.4,12
2159,＜香辛料類＞　クローブ　粉,7.2,0,0,12
2160,＜香辛料類＞　こしょう　黒　粉,11.0,0,0,12
2161,＜香辛料類＞　こしょう　白　粉,10.1,0,0,12
2162,＜香辛料類＞　こしょう　混合　粉,10.6,0,0,12
2163,＜香辛料類＞　さんしょう　粉,10.3,0,0,12
2164,＜香辛料類＞　シナモン　粉,3.6,0,0,12
2165,＜香辛料類＞　しょうが　粉,7.8,0,0,12
2166,＜香辛料類＞　しょうが　おろし,0.7,0,0,12
2167,＜香辛料類＞　セージ　粉,6.4,0,0,12
2168,＜香辛料類＞　タイム　粉,6.5,0,0,12
2169,＜香辛料類＞　チリパウダー,15.0,0,0,12
2170,＜香辛料類＞　とうがらし　粉,16.2,0,0,12
2171,＜香辛料類＞　ナツメグ　粉,5.7,0,0,12
2172,＜香辛料類＞　にんにく　ガーリックパウダー　食塩無添加,19.9,0,0,12
2173,＜香辛料類＞　にんにく　ガーリックパウダー　食塩添加,19.9,0,0,12
2174,＜香辛料類＞　にんにく　おろし,4.7,0,0,12
2175,＜香辛料類＞　バジル　粉,21.1,0,0,12
2176,＜香辛料類＞　パセリ　乾,28.7,0,0,12
2177,＜香辛料類＞　パプリカ　粉,15.5,0,0,12
2178,＜香辛料類＞　わさび　粉　からし粉入り,16.5,0,0,12
2179,＜香辛料類＞　わさび　練り,3.3,0,0,12
2180,＜その他＞　酵母　パン酵母　圧搾,16.5,10.3,1.8,12
2181,＜その他＞　酵母　パン酵母　乾燥,37.1,32.6,10.5,12
2182,＜その他＞　ベーキングパウダー,0,0,0,12